"","Name","Pos","Odds","TGP","AG","APIM","AA","AOTG","AGW","AHat"
"1","A. Andreo","LW",0.0679012345679012,81,0.037037037037037,0.617283950617284,0.0740740740740741,0,0.0246913580246914,0
"2","A. Anisim","C",0.399532710280374,214,0.233644859813084,0.233644859813084,0.257009345794392,0,0.0373831775700935,0.00467289719626168
"3","A. Athana","LW",0.347867298578199,211,0.360189573459716,0.436018957345972,0.308056872037915,0.014218009478673,0.0473933649289099,0
"4","A. Barkov","C",1.29954954954955,222,0.436936936936937,0.135135135135135,0.779279279279279,0.018018018018018,0.0585585585585586,0.018018018018018
"5","A. Beauvi","LW",0.428440366972477,218,0.261467889908257,0.146788990825688,0.160550458715596,0,0.0458715596330275,0.00917431192660551
"6","A. Biega","D",0.274380165289256,121,0.0413223140495868,0.628099173553719,0.297520661157025,0,0.00826446280991736,0
"7","A. Bitett","D",0.0664948453608247,97,0.0103092783505155,0.525773195876289,0.0824742268041237,0,0.0103092783505155,0
"8","A. Burako","LW",0.256377551020408,196,0.183673469387755,0.280612244897959,0.198979591836735,0.00510204081632653,0.0663265306122449,0
"9","A. Burmis","C",0.0465753424657534,73,0.0273972602739726,0.164383561643836,0.0547945205479452,0,0,0
"10","A. Burrow","LW",0.0482876712328767,146,0.0410958904109589,0.404109589041096,0.0547945205479452,0,0.0136986301369863,0
"11","A. Chiass","RW",0.188372093023256,215,0.246511627906977,0.418604651162791,0.190697674418605,0,0.0186046511627907,0
"12","A. Coglia","C",0.182291666666667,240,0.1,0.354166666666667,0.1875,0,0.0125,0
"13","A. Copp","C",0.231162790697674,215,0.144186046511628,0.12093023255814,0.218604651162791,0,0.0186046511627907,0
"14","A. Crackn","RW",0,76,0,0,0,0,0,0
"15","A. Czarni","C",0.293805309734513,113,0.106194690265487,0.141592920353982,0.247787610619469,0,0.0530973451327434,0
"16","A. Duclai","LW",0.381914893617021,188,0.26063829787234,0.234042553191489,0.212765957446809,0.00531914893617021,0.0425531914893617,0.00531914893617021
"17","A. Edler","D",0.403092783505155,194,0.134020618556701,0.907216494845361,0.391752577319588,0.0257731958762887,0.0309278350515464,0
"18","A. Ekblad","D",0.304956896551724,232,0.181034482758621,0.711206896551724,0.301724137931034,0.0129310344827586,0.0258620689655172,0
"19","A. Emelin","D",0.0394736842105263,152,0.00657894736842105,0.263157894736842,0.0526315789473684,0,0,0
"20","A. Erne","LW",0.258333333333333,114,0.149122807017544,0.798245614035088,0.236842105263158,0,0.0614035087719298,0
"21","A. Galche","C",0.504651162790698,215,0.265116279069767,0.418604651162791,0.353488372093023,0.00930232558139535,0.0465116279069767,0.00465116279069767
"22","A. Goligo","D",0.305508474576271,236,0.076271186440678,0.245762711864407,0.300847457627119,0.00423728813559322,0.0127118644067797,0
"23","A. Greene","D",0.206768558951965,229,0.0567685589519651,0.231441048034935,0.218340611353712,0,0,0
"24","A. Henriq","C",0.349387755102041,245,0.244897959183673,0.277551020408163,0.302040816326531,0.00408163265306122,0.0571428571428571,0
"25","A. Kempe","C",0.414705882352941,187,0.213903743315508,0.796791443850267,0.283422459893048,0,0.0374331550802139,0.0053475935828877
"26","A. Killor","LW",0.51530612244898,245,0.208163265306122,0.551020408163265,0.310204081632653,0.00816326530612245,0.0204081632653061,0.00816326530612245
"27","A. Kopita","C",0.694560669456067,239,0.330543933054393,0.334728033472803,0.556485355648536,0,0.0502092050209205,0.00418410041841004
"28","A. Ladd","LW",0.181920903954802,177,0.101694915254237,0.31638418079096,0.186440677966102,0,0.0112994350282486,0
"29","A. Larsso","D",0.169196428571429,224,0.0446428571428571,0.544642857142857,0.191964285714286,0,0.00446428571428571,0
"30","A. Lee","LW",0.293877551020408,245,0.391836734693878,0.653061224489796,0.277551020408163,0,0.0489795918367347,0
"31","A. Lehkon","LW",0.252488687782805,221,0.153846153846154,0.380090497737557,0.221719457013575,0,0.0497737556561086,0
"32","A. Lindho","D",0.0532258064516129,62,0,0.225806451612903,0.0645161290322581,0,0,0
"33","A. Lowry","C",0.186829268292683,205,0.15609756097561,0.360975609756098,0.170731707317073,0,0.0341463414634146,0
"34","A. MacDon","D",0.170430107526882,186,0.032258064516129,0.354838709677419,0.17741935483871,0,0.010752688172043,0
"35","A. Mantha","RW",0.581642512077295,207,0.357487922705314,0.541062801932367,0.338164251207729,0.00966183574879227,0.0193236714975845,0.00966183574879227
"36","A. Markov","D",0,62,0,0,0,0,0,0
"37","A. Martin","D",0.207762557077626,219,0.0776255707762557,0.228310502283105,0.200913242009132,0,0.0182648401826484,0
"38","A. Martin","LW",0.038659793814433,97,0.0309278350515464,0.463917525773196,0.0618556701030928,0,0,0
"39","A. Matthe","C",0.566981132075472,212,0.509433962264151,0.169811320754717,0.476415094339623,0.0283018867924528,0.0707547169811321,0
"40","A. McQuai","D",0.0406060606060606,165,0.0424242424242424,0.884848484848485,0.0666666666666667,0,0.0181818181818182,0
"41","A. Ovechk","LW",1.44244897959184,245,0.616326530612245,0.457142857142857,0.46530612244898,0.0122448979591837,0.0693877551020408,0.036734693877551
"42","A. Panari","LW",0.927272727272727,242,0.34297520661157,0.297520661157025,0.714876033057851,0.0371900826446281,0.0867768595041322,0.00413223140495868
"43","A. Pelech","D",0.226,200,0.065,0.38,0.24,0,0.005,0
"44","A. Petrov","D",0.0562913907284768,151,0.0132450331125828,0.993377483443709,0.0993377483443709,0,0.00662251655629139,0
"45","A. Pietra","D",0.44410480349345,229,0.179039301310044,0.2882096069869,0.414847161572052,0.00436681222707424,0.0393013100436681,0
"46","A. Quine","C",0.0652631578947368,95,0.0631578947368421,0.168421052631579,0.0736842105263158,0,0,0
"47","A. Radulo","RW",0.850877192982456,228,0.37280701754386,0.789473684210526,0.574561403508772,0.0175438596491228,0.0789473684210526,0.0087719298245614
"48","A. Rousse","LW",0.201515151515152,198,0.116161616161616,1.82828282828283,0.282828282828283,0,0.0101010101010101,0
"49","A. Sekera","D",0.107857142857143,140,0,0.128571428571429,0.114285714285714,0,0,0
"50","A. Shaw","RW",0.616758241758242,182,0.263736263736264,1.07142857142857,0.362637362637363,0,0.032967032967033,0.010989010989011
"51","A. Slepys","LW",0.0615384615384615,91,0.0659340659340659,0.0879120879120879,0.0659340659340659,0,0,0
"52","A. Steen","LW",0.297695852534562,217,0.161290322580645,0.221198156682028,0.299539170506912,0,0.00921658986175115,0
"53","A. Stralm","D",0.2115,200,0.04,0.17,0.22,0,0,0
"54","A. Sustr","D",0.0271317829457364,129,0.0155038759689922,0.232558139534884,0.0387596899224806,0,0,0
"55","A. Tuch","RW",0.644620253164557,158,0.348101265822785,0.272151898734177,0.544303797468354,0.0126582278481013,0.10126582278481,0
"56","A. Vermet","C",0.0610294117647059,136,0.0588235294117647,0.25,0.0588235294117647,0,0.0147058823529412,0
"57","A. Watson","LW",0.357631578947368,190,0.147368421052632,1.05789473684211,0.121052631578947,0,0.0263157894736842,0.0105263157894737
"58","A. Wennbe","C",0.335746606334842,221,0.0542986425339367,0.16289592760181,0.330316742081448,0.00452488687782805,0.00904977375565611,0
"59","B. Bennet","RW",0,71,0,0,0,0,0,0
"60","B. Boeser","RW",1.21428571428571,140,0.578571428571429,0.428571428571429,0.614285714285714,0.0142857142857143,0.0714285714285714,0.0214285714285714
"61","B. Boyle","C",0.35,217,0.225806451612903,0.557603686635945,0.101382488479263,0,0.0460829493087558,0.00921658986175115
"62","B. Burns","D",0.822357723577236,246,0.178861788617886,0.463414634146341,0.768292682926829,0.0203252032520325,0.0569105691056911,0
"63","B. Campbe","D",0,80,0,0,0,0,0,0
"64","B. Carlo","D",0.0654347826086957,230,0.0173913043478261,0.604347826086956,0.0956521739130435,0,0,0
"65","B. Chiaro","D",0.18659793814433,194,0.0618556701030928,0.804123711340206,0.216494845360825,0,0.0103092783505155,0
"66","B. Coburn","D",0.206194690265487,226,0.0398230088495575,0.47787610619469,0.230088495575221,0,0,0
"67","B. Colema","C",0.213333333333333,180,0.316666666666667,1.06666666666667,0.222222222222222,0,0.0444444444444444,0
"68","B. Comeau","LW",0.185836909871245,233,0.11587982832618,0.575107296137339,0.184549356223176,0,0.0300429184549356,0
"69","B. Connol","RW",0.313824884792627,217,0.271889400921659,0.359447004608295,0.276497695852535,0,0.0552995391705069,0
"70","B. Davids","D",0.0237373737373737,99,0.0404040404040404,0.535353535353535,0.0505050505050505,0,0,0
"71","B. Dillon","D",0.204508196721311,244,0.0286885245901639,0.745901639344262,0.241803278688525,0,0,0
"72","B. Dubins","C",0.102216748768473,203,0.0886699507389163,0.517241379310345,0.12807881773399,0,0,0
"73","B. Dumoul","D",0.223451327433628,226,0.0486725663716814,0.309734513274336,0.234513274336283,0,0.00442477876106195,0
"74","B. Flynn","C",0,51,0,0,0,0,0,0
"75","B. Froese","C",0.124074074074074,54,0.0555555555555556,0.481481481481481,0.148148148148148,0,0,0
"76","B. Gallag","RW",0.510526315789474,228,0.425438596491228,0.578947368421053,0.267543859649123,0,0.0526315789473684,0.0087719298245614
"77","B. Gaunce","C",0.0876288659793815,97,0.0618556701030928,0.103092783505155,0.0618556701030928,0,0.0309278350515464,0
"78","B. Gionta","RW",0.057843137254902,102,0.0196078431372549,0.0196078431372549,0.0490196078431373,0,0.00980392156862745,0
"79","B. Goodro","RW",0.189393939393939,132,0.159090909090909,1.36363636363636,0.204545454545455,0,0.053030303030303,0
"80","B. Harpur","D",0.0239795918367347,98,0.0204081632653061,1.35714285714286,0.0918367346938776,0,0,0
"81","B. Horvat","C",0.437004405286344,227,0.334801762114537,0.334801762114537,0.39647577092511,0.0176211453744493,0.039647577092511,0
"82","B. Hunt","D",0.302020202020202,99,0.131313131313131,0.222222222222222,0.292929292929293,0,0.0202020202020202,0
"83","B. Hutton","D",0.161940298507463,201,0.0497512437810945,0.54228855721393,0.17910447761194,0,0.00995024875621891,0
"84","B. Jenner","C",0.490811965811966,234,0.192307692307692,0.525641025641026,0.269230769230769,0,0.0341880341880342,0.00854700854700855
"85","B. Kulak","D",0.198322147651007,149,0.0939597315436242,0.597315436241611,0.187919463087248,0,0.0402684563758389,0
"86","B. Little","C",0.403587443946188,223,0.20627802690583,0.358744394618834,0.354260089686099,0.0134529147982063,0.0538116591928251,0
"87","B. Lovejo","D",0.0341726618705036,139,0.0143884892086331,0.179856115107914,0.0431654676258993,0,0,0
"88","B. Mannin","D",0.0751479289940828,169,0.0650887573964497,0.627218934911243,0.0946745562130177,0,0.0118343195266272,0
"89","B. Marcha","LW",1.00550660792952,227,0.466960352422908,1.12334801762115,0.788546255506608,0.0484581497797357,0.114537444933921,0.00440528634361234
"90","B. McGinn","LW",0.200456621004566,219,0.164383561643836,0.28310502283105,0.210045662100457,0,0.0045662100456621,0
"91","B. McNabb","D",0.141747572815534,206,0.0631067961165049,0.757281553398058,0.16504854368932,0,0.0145631067961165,0
"92","B. Montou","D",0.414285714285714,189,0.132275132275132,0.814814814814815,0.407407407407407,0,0.0476190476190476,0
"93","B. Nelson","C",0.42469387755102,245,0.281632653061224,0.404081632653061,0.293877551020408,0.0122448979591837,0.036734693877551,0.00408163265306122
"94","B. Nieves","C",0.286111111111111,72,0.125,0.388888888888889,0.277777777777778,0,0.0277777777777778,0
"95","B. Orpik","D",0.0816901408450704,213,0.0187793427230047,0.619718309859155,0.112676056338028,0,0,0
"96","B. Perlin","LW",0.370854271356784,199,0.226130653266332,0.422110552763819,0.135678391959799,0,0.0050251256281407,0.0100502512562814
"97","B. Pesce","D",0.280454545454545,220,0.0772727272727273,0.3,0.272727272727273,0,0.0227272727272727,0
"98","B. Pirri","C",0.187096774193548,93,0.290322580645161,0.129032258064516,0.129032258064516,0,0.0645161290322581,0
"99","B. Point","C",0.943231441048035,229,0.497816593886463,0.349344978165939,0.593886462882096,0.0349344978165939,0.11353711790393,0.00873362445414847
"100","B. Poulio","LW",0.0631205673758865,141,0.0921985815602837,0.156028368794326,0.0425531914893617,0,0.0283687943262411,0
"101","B. Richar","C",0.503481012658228,158,0.259493670886076,0.563291139240506,0.177215189873418,0,0.0379746835443038,0.0126582278481013
"102","B. Ritchi","RW",0.0356435643564356,202,0.0742574257425743,0.772277227722772,0.0544554455445545,0,0.0198019801980198,0
"103","B. Rust","RW",0.592424242424242,198,0.247474747474747,0.373737373737374,0.297979797979798,0.00505050505050505,0.0555555555555556,0.0101010101010101
"104","B. Ryan","RW",0.37029702970297,202,0.202970297029703,0.415841584158416,0.376237623762376,0,0.0148514851485149,0
"105","B. Saad","LW",0.426639344262295,244,0.262295081967213,0.155737704918033,0.266393442622951,0.00819672131147541,0.0573770491803279,0.00409836065573771
"106","B. Schenn","C",0.670386266094421,233,0.266094420600858,0.583690987124464,0.497854077253219,0.0171673819742489,0.0772532188841202,0.00429184549356223
"107","B. Seabro","D",0.256302521008403,238,0.0714285714285714,0.504201680672269,0.273109243697479,0,0.00840336134453781,0
"108","B. Skjei","D",0.223541666666667,240,0.0833333333333333,0.529166666666667,0.229166666666667,0.00833333333333333,0.0125,0
"109","B. Smith","D",0.0914556962025316,158,0.0569620253164557,1.33544303797468,0.158227848101266,0,0,0
"110","B. Sutter","C",0.119047619047619,168,0.113095238095238,0.119047619047619,0.113095238095238,0.00595238095238095,0.00595238095238095,0
"111","B. Tanev","LW",0.317708333333333,192,0.1875,0.520833333333333,0.208333333333333,0,0.00520833333333333,0.00520833333333333
"112","B. Wheele","RW",1.16081632653061,245,0.257142857142857,0.702040816326531,0.857142857142857,0,0.0326530612244898,0.0122448979591837
"113","C. Atkins","RW",0.979295154185022,227,0.466960352422908,0.237885462555066,0.343612334801762,0.00440528634361234,0.092511013215859,0.0220264317180617
"114","C. Brown","RW",0.225609756097561,246,0.121951219512195,0.203252032520325,0.227642276422764,0,0.00813008130081301,0
"115","C. Carric","D",0.1875,148,0.0540540540540541,0.439189189189189,0.175675675675676,0,0.0337837837837838,0
"116","C. Ceci","D",0.232340425531915,235,0.0808510638297872,0.204255319148936,0.221276595744681,0,0.0212765957446809,0
"117","C. Cizika","C",0.190051020408163,196,0.239795918367347,0.48469387755102,0.183673469387755,0,0.0306122448979592,0
"118","C. Clutte","RW",0.176511627906977,215,0.111627906976744,0.655813953488372,0.186046511627907,0,0.0232558139534884,0
"119","C. Coyle","C",0.314847161572052,229,0.152838427947598,0.253275109170306,0.305676855895196,0,0.0218340611353712,0
"120","C. de Haa","D",0.193650793650794,189,0.0158730158730159,0.253968253968254,0.195767195767196,0,0.0105820105820106,0
"121","C. Dvorak","C",0.197159090909091,176,0.107954545454545,0.147727272727273,0.181818181818182,0,0.0227272727272727,0
"122","C. Eakin","C",0.272018348623853,218,0.252293577981651,0.247706422018349,0.247706422018349,0,0.036697247706422,0
"123","C. Fische","RW",0.532484076433121,157,0.235668789808917,0.43312101910828,0.203821656050955,0.0127388535031847,0.0191082802547771,0.0127388535031847
"124","C. Folin","D",0.11055900621118,161,0.0186335403726708,0.521739130434783,0.136645962732919,0,0,0
"125","C. Fowler","D",0.551456310679612,206,0.087378640776699,0.330097087378641,0.29126213592233,0.00970873786407767,0.0242718446601942,0.00970873786407767
"126","C. Franso","D",0.0615384615384615,91,0.010989010989011,0.0879120879120879,0.0659340659340659,0,0,0
"127","C. Giroux","RW",0.92520325203252,246,0.317073170731707,0.276422764227642,0.788617886178862,0.0121951219512195,0.0365853658536585,0.0040650406504065
"128","C. Gunnar","D",0.0993055555555555,144,0.0763888888888889,0.236111111111111,0.0833333333333333,0,0.0277777777777778,0
"129","C. Hageli","LW",0.253,200,0.1,0.44,0.245,0,0.03,0
"130","C. Hudon","LW",0.200934579439252,107,0.149532710280374,0.654205607476635,0.224299065420561,0,0.00934579439252336,0
"131","C. Jarnkr","C",0.46140350877193,228,0.157894736842105,0.157894736842105,0.223684210526316,0.0043859649122807,0.0219298245614035,0.0087719298245614
"132","C. Keller","RW",0.71497005988024,167,0.305389221556886,0.431137724550898,0.646706586826347,0.0119760479041916,0.0778443113772455,0
"133","C. Kelly","LW",0.0202127659574468,94,0,0.0212765957446809,0.0212765957446809,0,0,0
"134","C. Kreide","LW",0.307075471698113,212,0.339622641509434,0.745283018867924,0.325471698113208,0,0.0188679245283019,0
"135","C. Kunitz","LW",0.124162679425837,209,0.110047846889952,0.38755980861244,0.124401913875598,0,0.0191387559808612,0
"136","C. Lazar","C",0.095631067961165,103,0.0194174757281553,0.223300970873786,0.0970873786407767,0,0.00970873786407767,0
"137","C. McDavi","C",1.32933884297521,242,0.508264462809917,0.272727272727273,0.896694214876033,0.0330578512396694,0.103305785123967,0.012396694214876
"138","C. McKenz","LW",0.0241666666666667,60,0,0.183333333333333,0.0333333333333333,0,0,0
"139","C. McLeod","LW",-0.0637931034482759,145,0.0206896551724138,1.68965517241379,0.0206896551724138,0,0,0
"140","C. Miller","D",0.374759615384615,208,0.0769230769230769,0.677884615384615,0.399038461538462,0,0.00961538461538462,0
"141","C. Murphy","D",0.118536585365854,205,0.0585365853658537,0.55609756097561,0.136585365853659,0,0.00975609756097561,0
"142","C. Neil","RW",0,53,0,0,0,0,0,0
"143","C. Nelson","D",0.154651162790698,86,0.0581395348837209,0.395348837209302,0.174418604651163,0,0,0
"144","C. Paquet","C",0.0306701030927835,194,0.15979381443299,1.0360824742268,0.0618556701030928,0,0.0206185567010309,0
"145","C. Parayk","D",0.29156378600823,243,0.106995884773663,0.176954732510288,0.267489711934156,0.00823045267489712,0.0246913580246914,0
"146","C. Perry","RW",0.199728260869565,184,0.157608695652174,0.679347826086957,0.217391304347826,0,0.016304347826087,0
"147","C. Rowney","C",0.207518796992481,133,0.120300751879699,0.210526315789474,0.218045112781955,0,0,0
"148","C. Ruhwed","D",0.0604166666666667,96,0.0416666666666667,0.25,0.0520833333333333,0,0.0208333333333333,0
"149","C. Scevio","C",0.150232558139535,215,0.0976744186046512,0.251162790697674,0.153488372093023,0,0.00930232558139535,0
"150","C. Sheary","LW",0.290366972477064,218,0.211009174311927,0.155963302752294,0.238532110091743,0.0137614678899083,0.0458715596330275,0
"151","C. Sisson","C",0.493457943925234,214,0.182242990654206,0.411214953271028,0.224299065420561,0.00934579439252336,0.0467289719626168,0.00934579439252336
"152","C. Smith","RW",0.269527896995708,233,0.28755364806867,0.274678111587983,0.257510729613734,0,0.0257510729613734,0
"153","C. Soderb","C",0.527615062761506,239,0.259414225941423,0.326359832635983,0.305439330543933,0,0.0292887029288703,0.00836820083682008
"154","C. Stephe","C",0.174814814814815,135,0.118518518518519,0.0592592592592593,0.177777777777778,0,0,0
"155","C. Stewar","RW",0.0424812030075188,133,0.075187969924812,0.203007518796992,0.0451127819548872,0,0.0075187969924812,0
"156","C. Tanev","D",0.178666666666667,150,0.04,0.293333333333333,0.193333333333333,0,0,0
"157","C. Thorbu","RW",0.0260869565217391,115,0.00869565217391304,0.521739130434783,0.0521739130434783,0,0,0
"158","C. Tierne","C",0.419753086419753,243,0.1440329218107,0.246913580246914,0.415637860082305,0,0.0164609053497942,0
"159","C. VandeV","C",0,81,0,0,0,0,0,0
"160","C. Wagner","RW",0.0911616161616162,198,0.156565656565657,0.702020202020202,0.116161616161616,0,0.0101010101010101,0
"161","C. White","C",0.661702127659574,94,0.319148936170213,0.595744680851064,0.617021276595745,0.0212765957446809,0.0531914893617021,0
"162","C. Widema","D",0.127350427350427,117,0.0598290598290598,0.358974358974359,0.128205128205128,0,0.0170940170940171,0
"163","C. Wilson","C",0.240314136125654,191,0.157068062827225,0.115183246073298,0.219895287958115,0,0.0261780104712042,0
"164","D. Backes","RW",0.210199004975124,201,0.139303482587065,0.572139303482587,0.223880597014925,0,0.0149253731343284,0
"165","D. Brassa","C",0.181165919282511,223,0.219730941704036,0.502242152466368,0.192825112107623,0,0.0134529147982063,0
"166","D. Brown","RW",0.771244635193133,233,0.309012875536481,0.454935622317597,0.390557939914163,0.0300429184549356,0.0515021459227468,0.0128755364806867
"167","D. Byfugl","D",0.426701570680628,191,0.0837696335078534,1.30890052356021,0.476439790575916,0,0.0157068062827225,0
"168","D. Caggiu","LW",0.161263736263736,182,0.203296703296703,0.510989010989011,0.159340659340659,0,0.0274725274725275,0
"169","D. Carr","LW",0.124675324675325,77,0.103896103896104,0.103896103896104,0.12987012987013,0,0,0
"170","D. DeKeys","D",0.194472361809045,199,0.0804020100502513,0.532663316582915,0.180904522613065,0.0100502512562814,0.0301507537688442,0
"171","D. Demelo","D",0.30969696969697,165,0.0484848484848485,0.593939393939394,0.339393939393939,0,0,0
"172","D. Deshar","C",0.175833333333333,120,0.05,0.15,0.183333333333333,0,0,0
"173","D. Dought","D",0.511788617886179,246,0.105691056910569,0.577235772357724,0.504065040650406,0.0121951219512195,0.024390243902439,0
"174","D. Engell","D",0.158119658119658,234,0.0384615384615385,0.256410256410256,0.162393162393162,0,0.00854700854700855,0
"175","D. Forbor","D",0.146680497925311,241,0.020746887966805,0.634854771784232,0.170124481327801,0,0.00829875518672199,0
"176","D. Girard","D",0.0832142857142857,140,0.0428571428571429,0.192857142857143,0.0857142857142857,0,0.00714285714285714,0
"177","D. Grant","C",0.19077380952381,168,0.119047619047619,0.232142857142857,0.19047619047619,0,0.0119047619047619,0
"178","D. Hamhui","D",0.127546296296296,216,0.0138888888888889,0.412037037037037,0.143518518518519,0,0.00462962962962963,0
"179","D. Hamilt","D",0.38530612244898,245,0.216326530612245,0.702040816326531,0.281632653061224,0.00408163265306122,0.0326530612244898,0.00408163265306122
"180","D. Heinen","C",0.509876543209877,162,0.234567901234568,0.296296296296296,0.475308641975309,0,0.0493827160493827,0
"181","D. Helm","LW",0.183064516129032,186,0.145161290322581,0.424731182795699,0.204301075268817,0,0,0
"182","D. Jaskin","RW",0.132317073170732,164,0.0609756097560976,0.158536585365854,0.140243902439024,0,0,0
"183","D. Keith","D",0.387704918032787,244,0.0573770491803279,0.688524590163934,0.401639344262295,0.00819672131147541,0.0122950819672131,0
"184","D. King","LW",0,80,0,0,0,0,0,0
"185","D. Krejci","C",0.737885462555066,227,0.251101321585903,0.220264317180617,0.585903083700441,0.00881057268722467,0.0440528634361234,0.00440528634361234
"186","D. Kuliko","D",0.091566265060241,166,0.0180722891566265,0.698795180722892,0.120481927710843,0,0.00602409638554217,0
"187","D. Larkin","C",0.58172268907563,238,0.336134453781513,0.886554621848739,0.542016806722689,0.0336134453781513,0.0504201680672269,0
"188","D. MacKen","C",0.0598101265822785,158,0.0189873417721519,0.19620253164557,0.069620253164557,0,0,0
"189","D. Malgin","C",0.20472972972973,148,0.168918918918919,0.22972972972973,0.195945945945946,0,0.0202702702702703,0
"190","D. Miller","RW",0,55,0,0,0,0,0,0
"191","D. Moore","C",0.0393939393939394,132,0.0454545454545455,0.121212121212121,0.0454545454545455,0,0,0
"192","D. Nurse","D",0.369951923076923,208,0.125,1.15865384615385,0.394230769230769,0.0144230769230769,0.0192307692307692,0
"193","D. Orlov","D",0.286991869918699,246,0.0650406504065041,0.357723577235772,0.296747967479675,0,0.00813008130081301,0
"194","D. Pastrn","RW",1.40784753363229,223,0.497757847533632,0.452914798206278,0.587443946188341,0,0.0582959641255605,0.031390134529148
"195","D. Perron","LW",0.707655502392345,209,0.296650717703349,0.679425837320574,0.45933014354067,0.0143540669856459,0.0287081339712919,0.00956937799043062
"196","D. Phaneu","D",0.0980176211453744,227,0.0352422907488987,0.682819383259912,0.13215859030837,0,0,0
"197","D. Poulio","D",0.271180555555556,144,0.0625,0.6875,0.256944444444444,0.0138888888888889,0.0347222222222222,0
"198","D. Prout","D",0.010377358490566,53,0.0377358490566038,0.547169811320755,0.0377358490566038,0,0,0
"199","D. Rasmus","C",0.0273684210526316,95,0.0105263157894737,0.0842105263157895,0.0315789473684211,0,0,0
"200","D. Ryan","C",0.316666666666667,228,0.179824561403509,0.333333333333333,0.320175438596491,0,0.0131578947368421,0
"201","D. Savard","D",0.172151898734177,237,0.0843881856540084,0.438818565400844,0.185654008438819,0,0.00843881856540084,0
"202","D. Schlem","D",0.0709401709401709,117,0.00854700854700855,0.11965811965812,0.0683760683760684,0,0.00854700854700855,0
"203","D. Sedin","LW",0.220858895705521,163,0.141104294478528,0.245398773006135,0.196319018404908,0.00613496932515337,0.0306748466257669,0
"204","D. Seiden","D",0.0410891089108911,101,0,0.168316831683168,0.0495049504950495,0,0,0
"205","D. Severs","D",0.273529411764706,238,0.130252100840336,0.663865546218487,0.298319327731092,0,0.00840336134453781,0
"206","D. Shore","LW",0.275,240,0.129166666666667,0.166666666666667,0.245833333333333,0,0.0375,0
"207","D. Simon","RW",0.428301886792453,106,0.188679245283019,0.490566037735849,0.452830188679245,0,0,0
"208","D. Smith-","RW",0.0802197802197802,182,0.0824175824175824,0.373626373626374,0.0934065934065934,0,0.00549450549450549,0
"209","D. Staffo","RW",0.124712643678161,174,0.103448275862069,0.264367816091954,0.132183908045977,0,0.00574712643678161,0
"210","D. Stepan","C",0.38,235,0.187234042553191,0.229787234042553,0.348936170212766,0.00851063829787234,0.0340425531914894,0
"211","D. Strome","C",0.779245283018868,106,0.415094339622642,0.452830188679245,0.745283018867924,0,0.0566037735849057,0
"212","D. Weise","RW",0.0934782608695652,161,0.0869565217391304,0.366459627329193,0.0993788819875776,0,0.0124223602484472,0
"213","D. Widema","D",0,57,0,0,0,0,0,0
"214","D. Winnik","LW",0.102287581699346,153,0.0392156862745098,0.176470588235294,0.111111111111111,0,0,0
"215","E. Fehr","C",0.0972027972027972,143,0.118881118881119,0.433566433566434,0.118881118881119,0,0,0
"216","E. Gryba","D",-0.00774647887323944,71,0,0.71830985915493,0.028169014084507,0,0,0
"217","E. Gudbra","D",0.0667721518987342,158,0.0379746835443038,1.32278481012658,0.120253164556962,0,0.0126582278481013,0
"218","E. Haula","C",0.227914110429448,163,0.202453987730061,0.349693251533742,0.220858895705521,0,0.0245398773006135,0
"219","E. Johnso","D",0.283510638297872,188,0.122340425531915,0.712765957446808,0.276595744680851,0.0159574468085106,0.0265957446808511,0
"220","E. Kane","LW",0.388340807174888,223,0.399103139013453,1.73991031390135,0.345291479820628,0,0.0179372197309417,0.00448430493273543
"221","E. Karlss","D",0.691542288557214,201,0.0746268656716418,0.398009950248756,0.681592039800995,0.00995024875621891,0.0199004975124378,0
"222","E. Kuznet","C",0.719831223628692,237,0.291139240506329,0.624472573839662,0.666666666666667,0.0253164556962025,0.0590717299578059,0
"223","E. Lindel","D",0.253191489361702,235,0.123404255319149,0.382978723404255,0.263829787234043,0,0.00851063829787234,0
"224","E. Lindho","C",0.607264957264957,234,0.299145299145299,0.247863247863248,0.555555555555556,0.00427350427350427,0.0598290598290598,0
"225","E. Malkin","C",0.907451923076923,208,0.403846153846154,1.27403846153846,0.759615384615385,0.00961538461538462,0.0817307692307692,0.00480769230769231
"226","E. Rodrig","C",0.533783783783784,74,0.243243243243243,0.675675675675676,0.540540540540541,0,0.027027027027027,0
"227","E. Rodrig","LW",0.221794871794872,78,0.0897435897435897,0.179487179487179,0.230769230769231,0,0,0
"228","E. Staal","C",0.528571428571428,245,0.351020408163265,0.448979591836735,0.383673469387755,0,0.0653061224489796,0.00408163265306122
"229","F. Beauch","D",0.0858108108108108,148,0.0202702702702703,0.175675675675676,0.0945945945945946,0,0,0
"230","F. Claess","D",0.0847014925373134,134,0.0373134328358209,0.395522388059701,0.104477611940299,0,0,0
"231","F. Forsbe","LW",0.800469483568075,213,0.384976525821596,0.422535211267606,0.384976525821596,0.0187793427230047,0.0657276995305164,0.0140845070422535
"232","F. Gaudre","C",0.0797619047619048,84,0.0714285714285714,0.0714285714285714,0.0595238095238095,0,0.0238095238095238,0
"233","F. Gauthi","C",0.208,100,0.07,0.24,0.22,0,0,0
"234","F. Nielse","C",0.547391304347826,230,0.156521739130435,0.182608695652174,0.291304347826087,0,0.0478260869565217,0.00869565217391304
"235","F. Tyutin","D",0,69,0,0,0,0,0,0
"236","F. Vatran","C",0.177710843373494,166,0.331325301204819,0.662650602409639,0.198795180722892,0,0.0120481927710843,0
"237","G. Bourqu","LW",0.163025210084034,119,0.0756302521008403,0.26890756302521,0.151260504201681,0,0.0252100840336134,0
"238","G. Dumont","C",0.0101449275362319,69,0.0144927536231884,0.0869565217391304,0.0144927536231884,0,0,0
"239","G. Forsli","D",0.168852459016393,122,0.0737704918032787,0.557377049180328,0.180327868852459,0.00819672131147541,0.00819672131147541,0
"240","G. Hathaw","RW",0.15527950310559,161,0.161490683229814,1.24223602484472,0.15527950310559,0,0.062111801242236,0
"241","G. Landes","LW",1.03609865470852,223,0.417040358744395,0.623318385650224,0.533632286995516,0,0.0852017937219731,0.0179372197309417
"242","G. McKegg","C",0.113274336283186,113,0.123893805309735,0.212389380530973,0.106194690265487,0,0.0176991150442478,0
"243","G. Nyquis","RW",0.430125523012552,239,0.271966527196653,0.184100418410042,0.397489539748954,0.00836820083682008,0.0334728033472803,0
"244","G. Olofss","D",0.135185185185185,54,0,0.259259259259259,0.148148148148148,0,0,0
"245","G. Patery","D",0.0920634920634921,189,0.0158730158730159,0.698412698412698,0.126984126984127,0,0,0
"246","G. Smith","C",0.076875,80,0.125,0.2125,0.0875,0,0,0
"247","H. Lindho","D",0.407109004739336,211,0.118483412322275,0.578199052132701,0.293838862559242,0.00947867298578199,0.014218009478673,0.004739336492891
"248","H. Sedin","C",0.277439024390244,164,0.0182926829268293,0.182926829268293,0.286585365853659,0,0,0
"249","H. Zetter","LW",0.282317073170732,164,0.0670731707317073,0.0853658536585366,0.274390243902439,0,0.0121951219512195,0
"250","I. Barbas","C",0.497546012269939,163,0.214723926380368,0.233128834355828,0.184049079754601,0,0.0184049079754601,0.0122699386503067
"251","I. Cole","D",0.117351598173516,219,0.0410958904109589,1.3972602739726,0.187214611872146,0,0,0
"252","I. McCosh","D",0.0325,60,0.0833333333333333,0.683333333333333,0.05,0,0.0166666666666667,0
"253","I. Pakari","RW",0.012962962962963,54,0.037037037037037,0.111111111111111,0.0185185185185185,0,0,0
"254","I. Provor","D",0.251219512195122,246,0.126016260162602,0.341463414634146,0.252032520325203,0,0.016260162601626,0
"255","J. Abdelk","LW",0.191904761904762,210,0.119047619047619,0.733333333333333,0.228571428571429,0,0,0
"256","J. Anderso","RW",0.268609865470852,223,0.327354260089686,0.726457399103139,0.228699551569507,0.00896860986547085,0.0672645739910314,0
"257","J. Archib","RW",0.210416666666667,120,0.241666666666667,0.458333333333333,0.216666666666667,0,0.0166666666666667,0
"258","J. Armia","RW",0.468911917098446,193,0.196891191709845,0.259067357512953,0.191709844559585,0,0.0310880829015544,0.0103626943005181
"259","J. Bailey","RW",0.582203389830508,1180,0.179661016949153,0.220338983050847,0.461016949152542,0.0101694915254237,0.0372881355932203,0.00338983050847458
"260","J. Beagle","C",0.15852534562212,217,0.0599078341013825,0.23963133640553,0.161290322580645,0,0.00921658986175115,0
"261","J. Benn","D",0.180786026200873,229,0.0611353711790393,0.489082969432314,0.196506550218341,0,0.00873362445414847,0
"262","J. Benn","LW",0.838396624472574,237,0.379746835443038,0.70042194092827,0.40084388185654,0.00421940928270042,0.0464135021097046,0.0168776371308017
"263","J. Boll","RW",-0.0131147540983607,61,0.0163934426229508,0.262295081967213,0,0,0,0
"264","J. Bouwme","D",0.155670103092784,194,0.0412371134020619,0.494845360824742,0.170103092783505,0,0.0103092783505155,0
"265","J. Boychu","D",0.227272727272727,198,0.0606060606060606,0.404040404040404,0.222222222222222,0,0.0252525252525253,0
"266","J. Braun","D",0.212916666666667,240,0.0375,0.408333333333333,0.233333333333333,0,0,0
"267","J. Brodin","D",0.195067264573991,223,0.062780269058296,0.403587443946188,0.192825112107623,0,0.0224215246636771,0
"268","J. Brodzi","LW",0.0833333333333333,54,0.148148148148148,0.185185185185185,0.0740740740740741,0,0.0185185185185185,0
"269","J. Brown","RW",0.0712574850299401,167,0.0479041916167665,0.491017964071856,0.0898203592814371,0,0.00598802395209581,0
"270","J. Carlso","D",0.722222222222222,234,0.175213675213675,0.427350427350427,0.713675213675214,0.00427350427350427,0.0256410256410256,0
"271","J. Carter","C",0.403783783783784,185,0.210810810810811,0.464864864864865,0.264864864864865,0.00540540540540541,0.0216216216216216,0.00540540540540541
"272","J. Chimer","LW",0.0522435897435897,156,0.0192307692307692,0.237179487179487,0.0641025641025641,0,0,0
"273","J. Chychr","D",0.218713450292398,171,0.0818713450292398,0.421052631578947,0.233918128654971,0,0.00584795321637427,0
"274","J. Colbor","C",0,62,0,0,0,0,0,0
"275","J. Comphe","LW",0.313461538461538,156,0.288461538461538,0.525641025641026,0.269230769230769,0.0128205128205128,0.0576923076923077,0
"276","J. Cramar","LW",0,59,0,0,0,0,0,0
"277","J. De La ","C",0.136693548387097,124,0.0806451612903226,0.491935483870968,0.161290322580645,0,0,0
"278","J. Demers","D",0.156486486486486,185,0.0540540540540541,0.32972972972973,0.140540540540541,0,0.0324324324324324,0
"279","J. Dickin","C",0.373557692307692,104,0.115384615384615,0.605769230769231,0.326923076923077,0.0384615384615385,0.0384615384615385,0
"280","J. Donsko","RW",0.346376811594203,207,0.202898550724638,0.222222222222222,0.309178743961353,0,0.0483091787439614,0
"281","J. Dotchi","D",0.0407766990291262,103,0.029126213592233,1.12621359223301,0.0970873786407767,0,0,0
"282","J. Drouin","LW",0.48008658008658,231,0.212121212121212,0.354978354978355,0.445887445887446,0.00865800865800866,0.0432900432900433,0
"283","J. Eberle","RW",0.353734439834025,241,0.261410788381743,0.228215767634855,0.29045643153527,0.004149377593361,0.0705394190871369,0
"284","J. Edmund","D",0.100742574257426,202,0.0544554455445545,0.955445544554455,0.138613861386139,0,0.0099009900990099,0
"285","J. Eichel","C",0.881951219512195,205,0.395121951219512,0.409756097560976,0.717073170731707,0.024390243902439,0.0390243902439024,0.0048780487804878
"286","J. Ericss","D",0.0551630434782609,184,0.0489130434782609,0.635869565217391,0.0760869565217391,0,0.0108695652173913,0
"287","J. Erikss","C",0.168243243243243,148,0.135135135135135,0.418918918918919,0.162162162162162,0,0.027027027027027,0
"288","J. Falk","D",-0.0138888888888889,108,0.00925925925925926,0.462962962962963,0.00925925925925926,0,0,0
"289","J. Fast","RW",0.205365853658537,205,0.141463414634146,0.380487804878049,0.214634146341463,0,0.00975609756097561,0
"290","J. Faulk","D",0.420171673819743,233,0.128755364806867,0.609442060085837,0.304721030042918,0,0.0386266094420601,0.00429184549356223
"291","J. Gardin","D",0.428318584070796,226,0.0486725663716814,0.371681415929204,0.446902654867257,0,0,0
"292","J. Garris","D",0,95,0.0210526315789474,0.210526315789474,0.0105263157894737,0,0,0
"293","J. Gaudre","LW",1.31752136752137,234,0.41025641025641,0.316239316239316,0.794871794871795,0.0256410256410256,0.0854700854700855,0.0170940170940171
"294","J. Gorges","D",0.0115,100,0,0.17,0.02,0,0,0
"295","J. Guentz","LW",1.00147058823529,204,0.5,0.46078431372549,0.480392156862745,0.00980392156862745,0.0441176470588235,0.0196078431372549
"296","J. Hansen","RW",0.148876404494382,89,0.0224719101123595,0.168539325842697,0.134831460674157,0,0.0224719101123595,0
"297","J. Hayden","RW",0.0672566371681416,113,0.0884955752212389,0.955752212389381,0.115044247787611,0,0,0
"298","J. Hayes","RW",0.0846153846153846,91,0.032967032967033,0.0659340659340659,0.0659340659340659,0,0.021978021978022,0
"299","J. Ho-San","RW",0.213207547169811,53,0.0754716981132075,0.264150943396226,0.226415094339623,0,0,0
"300","J. Honka","D",0.106896551724138,87,0.0114942528735632,0.390804597701149,0.126436781609195,0,0,0
"301","J. Huberd","LW",0.894358974358974,195,0.446153846153846,0.574358974358974,0.851282051282051,0,0.0717948717948718,0
"302","J. Iginla","RW",0,80,0,0,0,0,0,0
"303","J. Jagr","RW",0.0528846153846154,104,0.00961538461538462,0.0961538461538462,0.0576923076923077,0,0,0
"304","J. Johnso","D",0.115352697095436,241,0.020746887966805,0.431535269709544,0.132780082987552,0,0.004149377593361,0
"305","J. Jokine","LW",0.0961240310077519,129,0.0387596899224806,0.0930232558139535,0.0930232558139535,0,0.00775193798449612,0
"306","J. Jooris","RW",0.0234042553191489,94,0.0319148936170213,0.170212765957447,0.0319148936170213,0,0,0
"307","J. Josefs","C",0.0220779220779221,77,0.025974025974026,0.0779220779220779,0.025974025974026,0,0,0
"308","J. Khaira","C",0.25431654676259,139,0.122302158273381,0.956834532374101,0.287769784172662,0,0.0143884892086331,0
"309","J. Klingb","D",0.617256637168142,226,0.123893805309735,0.221238938053097,0.570796460176991,0,0.0575221238938053,0
"310","J. Larsso","C",0.120899470899471,189,0.0846560846560847,0.650793650793651,0.153439153439153,0,0,0
"311","J. Larsso","D",0.158490566037736,53,0,0.60377358490566,0.188679245283019,0,0,0
"312","J. Lehter","C",0.0326797385620915,153,0.0326797385620915,0.522875816993464,0.0588235294117647,0,0,0
"313","J. Leivo","LW",0.223809523809524,105,0.276190476190476,0.666666666666667,0.219047619047619,0,0.0380952380952381,0
"314","J. Manson","D",0.20635593220339,236,0.0550847457627119,0.788135593220339,0.23728813559322,0,0.00847457627118644,0
"315","J. Marche","C",0.772649572649573,234,0.329059829059829,0.615384615384615,0.495726495726496,0.0170940170940171,0.0769230769230769,0.00854700854700855
"316","J. Martin","LW",0.349791666666667,240,0.15,0.504166666666667,0.120833333333333,0,0.0458333333333333,0.00833333333333333
"317","J. McCabe","D",0.128723404255319,188,0.0585106382978723,0.51063829787234,0.154255319148936,0,0,0
"318","J. McCann","LW",0.316571428571429,175,0.268571428571429,0.525714285714286,0.291428571428571,0.00571428571428571,0.0457142857142857,0
"319","J. McClem","C",0,65,0,0,0,0,0,0
"320","J. McGinn","LW",0.130239520958084,167,0.125748502994012,0.269461077844311,0.131736526946108,0,0.0119760479041916,0
"321","J. Megna","C",0,58,0,0,0,0,0,0
"322","J. Merril","D",0.145070422535211,142,0.0492957746478873,0.901408450704225,0.183098591549296,0,0.00704225352112676,0
"323","J. Miller","C",0.577405857740586,239,0.205020920502092,0.418410041841004,0.430962343096234,0.00836820083682008,0.0543933054393305,0.00418410041841004
"324","J. Mitche","C",0,65,0,0,0,0,0,0
"325","J. Moore","D",0.146585365853659,205,0.0731707317073171,0.482926829268293,0.141463414634146,0.00975609756097561,0.0195121951219512,0
"326","J. Morris","D",0.320945945945946,222,0.0855855855855856,0.337837837837838,0.310810810810811,0.00900900900900901,0.018018018018018,0
"327","J. Morrow","D",0.164035087719298,114,0.0701754385964912,0.578947368421053,0.192982456140351,0,0,0
"328","J. Muzzin","D",0.365677966101695,236,0.110169491525424,0.567796610169492,0.38135593220339,0,0.0127118644067797,0
"329","J. Neal","RW",0.235294117647059,204,0.191176470588235,0.392156862745098,0.21078431372549,0.00490196078431373,0.0392156862745098,0
"330","J. Nolan","C",0.0244186046511628,129,0.0310077519379845,0.751937984496124,0.062015503875969,0,0,0
"331","J. Nordst","C",0.094273127753304,227,0.0704845814977974,0.140969162995595,0.066079295154185,0.00881057268722467,0.026431718061674,0
"332","J. Oduya","D",0.0230769230769231,104,0.0384615384615385,0.307692307692308,0.0384615384615385,0,0,0
"333","J. Oester","D",0.284375,128,0.1328125,0.25,0.296875,0,0,0
"334","J. Oleksi","D",0.121385542168675,166,0.0783132530120482,1.06626506024096,0.168674698795181,0,0.00602409638554217,0
"335","J. Pageau","C",0.154773869346734,199,0.110552763819095,0.321608040201005,0.155778894472362,0.0050251256281407,0.0100502512562814,0
"336","J. Pavels","C",0.658613445378151,238,0.411764705882353,0.357142857142857,0.403361344537815,0.00840336134453781,0.0546218487394958,0.00840336134453781
"337","J. Petry","D",0.433606557377049,244,0.155737704918033,0.344262295081967,0.39344262295082,0.0163934426229508,0.040983606557377,0
"338","J. Pominv","RW",0.236909871244635,233,0.206008583690987,0.0686695278969957,0.206008583690987,0.00429184549356223,0.0300429184549356,0
"339","J. Puljuj","RW",0.127338129496403,139,0.143884892086331,0.330935251798561,0.129496402877698,0,0.0143884892086331,0
"340","J. Roslov","C",0.821100917431193,109,0.211009174311927,0.0917431192660551,0.357798165137615,0,0.00917431192660551,0.018348623853211
"341","J. Schroe","LW",0.0137931034482759,58,0.0172413793103448,0.0689655172413793,0.0172413793103448,0,0,0
"342","J. Schult","D",0.293529411764706,170,0.0470588235294118,0.129411764705882,0.288235294117647,0.00588235294117647,0.00588235294117647,0
"343","J. Schwar","LW",0.780382775119617,209,0.220095693779904,0.277511961722488,0.406698564593301,0.00478468899521531,0.0239234449760766,0.0143540669856459
"344","J. Silfve","RW",0.302620087336245,229,0.283842794759825,0.323144104803493,0.266375545851528,0.00873362445414847,0.0436681222707424,0
"345","J. Skille","RW",0,55,0,0,0,0,0,0
"346","J. Skinne","LW",0.566666666666667,243,0.42798353909465,0.436213991769547,0.292181069958848,0.0246913580246914,0.065843621399177,0.00823045267489712
"347","J. Slavin","D",0.283333333333333,246,0.0975609756097561,0.186991869918699,0.276422764227642,0.0040650406504065,0.0121951219512195,0
"348","J. Spezza","C",0.259009009009009,222,0.108108108108108,0.315315315315315,0.252252252252252,0,0.0225225225225225,0
"349","J. Spurge","D",0.395433789954338,219,0.168949771689498,0.219178082191781,0.392694063926941,0.0045662100456621,0.0091324200913242,0
"350","J. Staal","C",0.299509803921569,204,0.200980392156863,0.382352941176471,0.299019607843137,0,0.0196078431372549,0
"351","J. Tavare","C",1.23360995850622,241,0.54356846473029,0.390041493775934,0.535269709543568,0.016597510373444,0.0788381742738589,0.024896265560166
"352","J. Thornt","C",0.744221105527638,199,0.226130653266332,0.391959798994975,0.467336683417085,0,0.0452261306532663,0.0100502512562814
"353","J. Toews","C",1.02916666666667,228,0.394736842105263,0.557017543859649,0.543859649122807,0.0219298245614035,0.0526315789473684,0.0175438596491228
"354","J. Tootoo","RW",0,50,0,0,0,0,0,0
"355","J. Trouba","D",0.525380710659898,197,0.0964467005076142,0.761421319796954,0.532994923857868,0.0101522842639594,0.0203045685279188,0
"356","J. van Ri","LW",0.850218340611354,229,0.393013100436681,0.2882096069869,0.262008733624454,0,0.0567685589519651,0.0218340611353712
"357","J. Vesey","LW",0.337083333333333,240,0.2125,0.258333333333333,0.195833333333333,0,0.05,0.00416666666666667
"358","J. Virtan","RW",0.169677419354839,155,0.258064516129032,0.864516129032258,0.193548387096774,0,0.0193548387096774,0
"359","J. Vorace","RW",0.661157024793388,242,0.247933884297521,0.413223140495868,0.648760330578512,0.00413223140495868,0.0289256198347107,0
"360","J. Vrana","LW",0.378977272727273,176,0.346590909090909,0.375,0.340909090909091,0,0.0568181818181818,0
"361","J. Ward","RW",0.0615384615384615,130,0.0384615384615385,0.153846153846154,0.0538461538461538,0,0.0153846153846154,0
"362","J. Weal","C",0.261935483870968,155,0.154838709677419,0.309677419354839,0.251612903225806,0.00645161290322581,0.0193548387096774,0
"363","J. Willia","RW",0.409016393442623,244,0.254098360655738,0.590163934426229,0.389344262295082,0,0.0491803278688525,0
"364","J. Zucker","LW",0.669421487603306,242,0.309917355371901,0.413223140495868,0.301652892561983,0.00826446280991736,0.0702479338842975,0.012396694214876
"365","K. Agosti","LW",0.445333333333333,75,0.16,0.96,0.493333333333333,0,0,0
"366","K. Alzner","D",0.0624277456647399,173,0.00578034682080925,0.254335260115607,0.0751445086705202,0,0,0
"367","K. Bieksa","D",0.0275,140,0,0.592857142857143,0.0571428571428571,0,0,0
"368","K. Brodzi","C",0.136590909090909,220,0.1,0.45,0.131818181818182,0,0.0272727272727273,0
"369","K. Cliffo","LW",0.0820512820512821,195,0.143589743589744,1.23076923076923,0.123076923076923,0,0.0205128205128205,0
"370","K. Connau","D",0.161904761904762,147,0.0884353741496599,0.435374149659864,0.163265306122449,0,0.0204081632653061,0
"371","K. Connor","LW",0.884269662921348,178,0.556179775280899,0.292134831460674,0.50561797752809,0.0168539325842697,0.0955056179775281,0.0112359550561798
"372","K. Dahlbe","D",0.0388157894736842,76,0.0131578947368421,0.276315789473684,0.0526315789473684,0,0,0
"373","K. Fiala","LW",0.369124423963134,217,0.225806451612903,0.451612903225806,0.354838709677419,0,0.0368663594470046,0
"374","K. Gravel","D",0.0841584158415841,101,0,0.099009900990099,0.0891089108910891,0,0,0
"375","K. Hayes","C",0.443497757847534,223,0.282511210762332,0.188340807174888,0.408071748878924,0.00896860986547085,0.0358744394618834,0
"376","K. Holzer","D",0.07,70,0.0285714285714286,0.314285714285714,0.0857142857142857,0,0,0
"377","K. Kapane","RW",0.45241935483871,124,0.379032258064516,0.467741935483871,0.403225806451613,0.0161290322580645,0.0564516129032258,0
"378","K. Klein","D",0,60,0,0,0,0,0,0
"379","K. Labanc","RW",0.78411214953271,214,0.210280373831776,0.485981308411215,0.5,0.0233644859813084,0.0514018691588785,0.00934579439252336
"380","K. Letang","D",0.667027027027027,185,0.221621621621622,0.821621621621622,0.659459459459459,0.0108108108108108,0.0378378378378378,0
"381","K. Miller","D",0.133333333333333,165,0.00606060606060606,0.848484848484849,0.175757575757576,0,0,0
"382","K. Okposo","RW",0.268949771689498,219,0.19634703196347,0.557077625570776,0.269406392694064,0,0.0273972602739726,0
"383","K. Palmie","RW",0.320833333333333,216,0.361111111111111,0.527777777777778,0.305555555555556,0,0.0416666666666667,0
"384","K. Quince","D",0.0175824175824176,91,0,0.307692307692308,0.032967032967033,0,0,0
"385","K. Russel","D",0.18302752293578,218,0.0458715596330275,0.284403669724771,0.197247706422018,0,0,0
"386","K. Shatte","D",0.34070351758794,199,0.0452261306532663,0.422110552763819,0.351758793969849,0.0050251256281407,0.0050251256281407,0
"387","K. Turris","C",0.317703349282297,209,0.143540669856459,0.440191387559809,0.320574162679426,0.00956937799043062,0.00956937799043062,0
"388","K. Verste","RW",0.0612903225806452,93,0.032258064516129,0.0645161290322581,0.0537634408602151,0,0.010752688172043,0
"389","K. Yandle","D",0.61890243902439,246,0.105691056910569,0.548780487804878,0.626016260162602,0,0.0203252032520325,0
"390","L. Bouma","LW",0.0456140350877193,114,0.0263157894736842,0.315789473684211,0.0526315789473684,0,0.0087719298245614,0
"391","L. Coutur","C",0.844396551724138,232,0.379310344827586,0.267241379310345,0.487068965517241,0.00431034482758621,0.0431034482758621,0.0129310344827586
"392","L. Crouse","LW",0.139939024390244,164,0.140243902439024,0.859756097560976,0.170731707317073,0,0.0121951219512195,0
"393","L. Draisa","C",0.893801652892562,242,0.516528925619835,0.553719008264463,0.640495867768595,0.0289256198347107,0.0454545454545455,0.00826446280991736
"394","L. Eller","C",0.273251028806584,243,0.181069958847737,0.460905349794239,0.271604938271605,0.00823045267489712,0.0164609053497942,0
"395","L. Erikss","LW",0.258163265306122,196,0.163265306122449,0.244897959183673,0.25,0,0.0204081632653061,0
"396","L. Glende","C",0.16131221719457,221,0.14027149321267,0.212669683257919,0.153846153846154,0,0.0180995475113122,0
"397","L. Komaro","RW",0.202731092436975,238,0.0798319327731092,0.483193277310924,0.218487394957983,0,0.00840336134453781,0
"398","L. Korpik","LW",0,69,0,0,0,0,0,0
"399","L. Sbisa","D",0.106198347107438,121,0.0165289256198347,0.190082644628099,0.115702479338843,0,0,0
"400","L. Schenn","D",0.0455357142857143,168,0.00595238095238095,0.398809523809524,0.0595238095238095,0,0.00595238095238095,0
"401","L. Sedlak","C",0.0367283950617284,162,0.0740740740740741,0.253086419753086,0.0493827160493827,0,0,0
"402","L. Shaw","RW",0.0818897637795276,127,0.031496062992126,0.094488188976378,0.078740157480315,0,0.0078740157480315,0
"403","L. Stempn","RW",0.0479338842975207,121,0.0247933884297521,0.0330578512396694,0.0495867768595041,0,0,0
"404","L. Wallma","C",0.403,100,0.21,0.74,0.36,0,0.08,0
"405","L. Witkow","D",0.0131313131313131,99,0.0101010101010101,1.15151515151515,0.0707070707070707,0,0,0
"406","M. Backlu","C",0.357916666666667,240,0.233333333333333,0.758333333333333,0.345833333333333,0.00833333333333333,0.0416666666666667,0
"407","M. Barber","D",0.0766949152542373,118,0.0423728813559322,0.330508474576271,0.0847457627118644,0,0.00847457627118644,0
"408","M. Barzal","C",1.40301204819277,166,0.349397590361446,0.734939759036145,0.909638554216867,0.0180722891566265,0.0602409638554217,0.0180722891566265
"409","M. Belesk","LW",-0.0227941176470588,68,0.0294117647058824,0.455882352941176,0,0,0,0
"410","M. Bennin","D",0.171951219512195,205,0.0780487804878049,0.560975609756098,0.190243902439024,0,0.00975609756097561,0
"411","M. Boedke","LW",0.366371681415929,226,0.128318584070796,0.106194690265487,0.345132743362832,0,0.0265486725663717,0
"412","M. Borowi","D",0.0222857142857143,175,0.0285714285714286,1.38285714285714,0.0914285714285714,0,0,0
"413","M. Calver","LW",0.173842592592593,216,0.143518518518519,0.689814814814815,0.208333333333333,0,0,0
"414","M. Cammal","C",0.166141732283465,127,0.0551181102362205,0.141732283464567,0.173228346456693,0,0,0
"415","M. Chaput","C",0.076605504587156,109,0,0.302752293577982,0.0917431192660551,0,0,0
"416","M. Cullen","C",0.178378378378378,222,0.112612612612613,0.216216216216216,0.166666666666667,0,0.0225225225225225,0
"417","M. Dano","C",0.0289855072463768,69,0.0289855072463768,0.289855072463768,0.0144927536231884,0,0.0289855072463768,0
"418","M. Del Zo","D",0.176,175,0.0457142857142857,0.365714285714286,0.194285714285714,0,0,0
"419","M. Domi","C",0.521748878923767,223,0.291479820627803,1.04484304932735,0.556053811659193,0,0.0179372197309417,0
"420","M. Duchen","C",0.492672413793103,232,0.383620689655172,0.146551724137931,0.474137931034483,0.00431034482758621,0.021551724137931,0
"421","M. Dumba","D",0.315,190,0.2,0.436842105263158,0.294736842105263,0.0105263157894737,0.0315789473684211,0
"422","M. Ekholm","D",0.403292181069959,243,0.106995884773663,0.576131687242798,0.395061728395062,0.00823045267489712,0.0288065843621399,0
"423","M. Ferlan","LW",0.290178571428571,224,0.245535714285714,0.625,0.294642857142857,0,0.0267857142857143,0
"424","M. Fisher","C",0.0295454545454545,88,0.0227272727272727,0.0909090909090909,0.0227272727272727,0,0.0113636363636364,0
"425","M. Folign","LW",0.13347280334728,239,0.0920502092050209,0.761506276150628,0.163179916317992,0,0.00836820083682008,0
"426","M. Frk","RW",0.229,100,0.13,0.22,0.24,0,0,0
"427","M. Frolik","RW",0.263133640552995,217,0.193548387096774,0.359447004608295,0.235023041474654,0.00460829493087558,0.0414746543778802,0
"428","M. Gabori","RW",0.0862745098039216,102,0.107843137254902,0.235294117647059,0.0980392156862745,0,0,0
"429","M. Giorda","D",0.57655601659751,241,0.195020746887967,0.83402489626556,0.576763485477178,0.00829875518672199,0.033195020746888,0
"430","M. Grabne","LW",0.271065989847716,197,0.228426395939086,0.16243654822335,0.116751269035533,0.0101522842639594,0.0253807106598985,0.0050761421319797
"431","M. Granlu","LW",0.418119266055046,1744,0.194954128440367,0.261467889908257,0.334862385321101,0.00458715596330275,0.0344036697247706,0.00229357798165138
"432","M. Green","D",0.344198895027624,181,0.0994475138121547,0.519337016574586,0.370165745856354,0,0,0
"433","M. Grigor","C",0,75,0,0,0,0,0,0
"434","M. Grzelc","D",0.264341085271318,129,0.0697674418604651,1.22480620155039,0.325581395348837,0,0,0
"435","M. Haley","C",-0.0176136363636364,176,0.0397727272727273,2.05681818181818,0.0795454545454545,0,0.00568181818181818,0
"436","M. Hannik","LW",0.120689655172414,87,0.126436781609195,0.114942528735632,0.103448275862069,0,0.0229885057471264,0
"437","M. Hanzal","C",0.0556034482758621,116,0.0603448275862069,0.267241379310345,0.0603448275862069,0,0.00862068965517241,0
"438","M. Hendri","C",0.0593137254901961,102,0.0490196078431373,0.382352941176471,0.0784313725490196,0,0,0
"439","M. Hoffma","LW",0.518487394957983,238,0.394957983193277,0.38655462184874,0.428571428571429,0.0378151260504202,0.0714285714285714,0
"440","M. Hossa","RW",0,73,0,0,0,0,0,0
"441","M. Hunwic","D",0.082421875,128,0.03125,0.2265625,0.078125,0.0078125,0.0078125,0
"442","M. Irwin","D",0.0821428571428571,168,0.0238095238095238,0.5,0.107142857142857,0,0,0
"443","M. Jankow","C",0.468092105263158,152,0.296052631578947,0.375,0.289473684210526,0,0.0328947368421053,0.00657894736842105
"444","M. Johans","LW",0.257396449704142,169,0.183431952662722,0.177514792899408,0.254437869822485,0,0.0118343195266272,0
"445","M. Karlss","C",0.0926267281105991,217,0.147465437788018,0.359447004608295,0.0875576036866359,0,0.0230414746543779,0
"446","M. Kempny","D",0.251149425287356,174,0.0862068965517241,0.839080459770115,0.258620689655172,0,0.0344827586206897,0
"447","M. Koivu","C",0.335714285714286,210,0.142857142857143,0.428571428571429,0.347619047619048,0,0.00952380952380952,0
"448","M. Kruger","C",0.107291666666667,192,0.046875,0.458333333333333,0.109375,0,0.0208333333333333,0
"449","M. Letest","C",0.096875,160,0.05625,0.0625,0.0875,0.00625,0.00625,0
"450","M. Lucic","LW",0.164197530864198,243,0.0905349794238683,1.07818930041152,0.213991769547325,0,0.00411522633744856,0
"451","M. Marinc","D",0.131372549019608,51,0.0392156862745098,0.509803921568627,0.156862745098039,0,0,0
"452","M. Marner","RW",0.794605809128631,241,0.307053941908714,0.29045643153527,0.759336099585062,0,0.0497925311203319,0
"453","M. Martin","LW",0.0964824120603015,199,0.0753768844221105,0.78391959798995,0.125628140703518,0,0.0100502512562814,0
"454","M. Mathes","D",0.238607594936709,237,0.109704641350211,0.628691983122363,0.232067510548523,0.0126582278481013,0.0253164556962025,0
"455","M. McCorm","LW",-0.00490196078431373,51,0.0980392156862745,0.882352941176471,0.0392156862745098,0,0,0
"456","M. Methot","D",-0.00132743362831858,113,0.00884955752212389,0.380530973451327,0.0176991150442478,0,0,0
"457","M. Moulso","LW",-0.00105263157894737,95,0,0.0210526315789474,0,0,0,0
"458","M. Muelle","D",0.26,85,0.0235294117647059,0.447058823529412,0.282352941176471,0,0,0
"459","M. Nieto","LW",0.383248730964467,197,0.116751269035533,0.152284263959391,0.248730964467005,0,0.0152284263959391,0.0050761421319797
"460","M. Niskan","D",0.243805309734513,226,0.101769911504425,0.52212389380531,0.247787610619469,0.00884955752212389,0.0132743362831858,0
"461","M. Nutiva","D",0.240096618357488,207,0.0821256038647343,0.1256038647343,0.231884057971014,0,0.0144927536231884,0
"462","M. Paajar","LW",0.108900523560209,191,0.157068062827225,0.12565445026178,0.104712041884817,0,0.0104712041884817,0
"463","M. Pacior","LW",0.32654028436019,211,0.289099526066351,0.483412322274882,0.265402843601896,0.018957345971564,0.0663507109004739,0
"464","M. Peca","C",0.28135593220339,59,0.135593220338983,0.135593220338983,0.288135593220339,0,0,0
"465","M. Perrea","LW",0.247465437788018,217,0.216589861751152,0.580645161290323,0.23963133640553,0,0.0368663594470046,0
"466","M. Pysyk","D",0.125641025641026,234,0.0213675213675214,0.307692307692308,0.141025641025641,0,0,0
"467","M. Raffl","RW",0.171282051282051,195,0.128205128205128,0.471794871794872,0.169230769230769,0,0.0256410256410256,0
"468","M. Rantan","RW",0.751739130434783,230,0.395652173913043,0.617391304347826,0.726086956521739,0.00869565217391304,0.0478260869565217,0
"469","M. Read","RW",-0.00319148936170213,94,0.0319148936170213,0.0638297872340425,0,0,0,0
"470","M. Reilly","D",0.237404580152672,131,0.0610687022900763,0.442748091603053,0.244274809160305,0,0.0152671755725191,0
"471","M. Rielly","D",0.691880341880342,234,0.196581196581197,0.179487179487179,0.641025641025641,0.0170940170940171,0.0427350427350427,0
"472","M. Saloma","RW",0.115,100,0.08,0.5,0.14,0,0,0
"473","M. Scande","D",0.141435185185185,216,0.0787037037037037,0.412037037037037,0.143518518518519,0.00462962962962963,0.0138888888888889,0
"474","M. Scheif","C",0.770588235294118,221,0.447963800904977,0.425339366515837,0.583710407239819,0.0271493212669683,0.0678733031674208,0.00452488687782805
"475","M. Sergac","D",0.527215189873418,158,0.132911392405063,0.594936708860759,0.525316455696203,0,0.0316455696202532,0
"476","M. Sorens","LW",0.217175572519084,131,0.297709923664122,0.389312977099237,0.213740458015267,0,0.0229007633587786,0
"477","M. Staal","D",0.102690582959641,223,0.031390134529148,0.367713004484305,0.121076233183857,0,0,0
"478","M. Stajan","C",0.051006711409396,149,0.0268456375838926,0.187919463087248,0.0536912751677852,0,0.00671140939597315,0
"479","M. Stone","D",0.09125,160,0.01875,0.3,0.10625,0,0,0
"480","M. Stone","RW",0.644660194174757,206,0.41747572815534,0.310679611650485,0.592233009708738,0.0145631067961165,0.0533980582524272,0
"481","M. Streit","D",0,70,0,0,0,0,0,0
"482","M. Tennys","D",-0.00625,64,0,0.125,0,0,0,0
"483","M. Tkachu","LW",0.704241071428571,224,0.410714285714286,0.825892857142857,0.495535714285714,0,0.0267857142857143,0.00892857142857143
"484","M. Vlasic","D",0.28640350877193,228,0.0745614035087719,0.236842105263158,0.285087719298246,0.0043859649122807,0.0087719298245614,0
"485","M. Weegar","D",0.188976377952756,127,0.078740157480315,1.25984251968504,0.220472440944882,0,0.031496062992126,0
"486","M. Wood","LW",0.284924623115578,199,0.195979899497487,1.33668341708543,0.206030150753769,0,0.0201005025125628,0.0050251256281407
"487","M. Zibane","C",0.798095238095238,210,0.414285714285714,0.514285714285714,0.514285714285714,0.00476190476190476,0.0666666666666667,0.00952380952380952
"488","M. Zuccar","RW",0.460576923076923,208,0.192307692307692,0.403846153846154,0.447115384615385,0.00961538461538462,0.0240384615384615,0
"489","N. Acciar","C",0.0984472049689441,161,0.136645962732919,0.639751552795031,0.105590062111801,0,0.0248447204968944,0
"490","N. Backst","C",0.887654320987654,243,0.267489711934156,0.436213991769547,0.633744855967078,0.0123456790123457,0.0576131687242798,0.00823045267489712
"491","N. Beauli","D",0.112154696132597,181,0.0386740331491713,0.629834254143646,0.143646408839779,0,0,0
"492","N. Bjugst","C",0.39475,200,0.235,0.505,0.27,0,0.025,0.005
"493","N. Bonino","C",0.207758620689655,232,0.198275862068966,0.241379310344828,0.211206896551724,0,0.00862068965517241,0
"494","N. Cousin","C",0.226179245283019,212,0.122641509433962,0.476415094339623,0.221698113207547,0.00471698113207547,0.0235849056603774,0
"495","N. Deslau","LW",0.0408783783783784,148,0.0945945945945946,0.668918918918919,0.0675675675675676,0,0.00675675675675676,0
"496","N. Dowd","C",0.171578947368421,190,0.1,0.357894736842105,0.152631578947368,0,0.0368421052631579,0
"497","N. Ehlers","LW",0.885840707964602,226,0.314159292035398,0.247787610619469,0.278761061946903,0,0.0663716814159292,0.0221238938053097
"498","N. Folign","LW",0.232589285714286,224,0.21875,0.616071428571429,0.241071428571429,0,0.0223214285714286,0
"499","N. Goldob","RW",0.399130434782609,115,0.191304347826087,0.365217391304348,0.4,0,0.0173913043478261,0
"500","N. Hanifi","D",0.348958333333333,240,0.0833333333333333,0.1875,0.325,0.00416666666666667,0.0291666666666667,0
"501","N. Hjalma","D",0.111822660098522,203,0.00492610837438424,0.522167487684729,0.137931034482759,0,0,0
"502","N. Holden","D",0.163084112149533,214,0.0467289719626168,0.196261682242991,0.172897196261682,0,0,0
"503","N. Jensen","D",0.226428571428571,210,0.019047619047619,0.328571428571429,0.242857142857143,0,0,0
"504","N. Kadri","C",0.683404255319149,235,0.272340425531915,0.54468085106383,0.336170212765957,0,0.0553191489361702,0.0127659574468085
"505","N. Kronwa","D",0.155882352941176,136,0.0294117647058824,0.264705882352941,0.169117647058824,0,0,0
"506","N. Kucher","RW",1.05805084745763,236,0.51271186440678,0.703389830508475,0.995762711864407,0,0.0974576271186441,0
"507","N. Kulemi","C",0.0235294117647059,85,0.0117647058823529,0,0.0235294117647059,0,0,0
"508","N. Lappin","RW",-0.00333333333333333,60,0.0166666666666667,0.0666666666666667,0,0,0,0
"509","N. Leddy","D",0.309465020576132,243,0.0740740740740741,0.230452674897119,0.312757201646091,0.00411522633744856,0.00411522633744856,0
"510","N. MacKin","C",0.827100840336134,238,0.508403361344538,0.516806722689076,0.73109243697479,0.0210084033613445,0.100840336134454,0
"511","N. Nieder","RW",0.463436123348018,227,0.281938325991189,0.422907488986784,0.325991189427313,0.00440528634361234,0.0440528634361234,0.00440528634361234
"512","N. Petan","LW",0.0747126436781609,87,0.0459770114942529,0.114942528735632,0.0459770114942529,0,0.0344827586206897,0
"513","N. Prosse","D",0.0527027027027027,111,0.027027027027027,0.207207207207207,0.0540540540540541,0,0.00900900900900901,0
"514","N. Ritchi","LW",0.259154929577465,213,0.131455399061033,1.10798122065728,0.286384976525822,0,0.028169014084507,0
"515","N. Schmal","C",0.409497206703911,179,0.195530726256983,0.189944134078212,0.374301675977654,0.0111731843575419,0.0335195530726257,0
"516","N. Schmid","D",0.377664974619289,197,0.116751269035533,0.16243654822335,0.370558375634518,0,0.0152284263959391,0
"517","N. Shore","C",0.113432835820896,134,0.0373134328358209,0.119402985074627,0.104477611940299,0.00746268656716418,0.00746268656716418,0
"518","N. Soshni","RW",0.0105263157894737,76,0.0131578947368421,0.0526315789473684,0.0131578947368421,0,0,0
"519","N. Thomps","C",0.142937853107345,177,0.0847457627118644,0.305084745762712,0.15819209039548,0,0,0
"520","N. Tryamk","D",0,66,0,0,0,0,0,0
"521","N. Yakupo","RW",0.0683673469387755,98,0.0918367346938776,0.26530612244898,0.0714285714285714,0,0.0102040816326531,0
"522","N. Zadoro","D",0.075615763546798,203,0.103448275862069,1.24630541871921,0.133004926108374,0,0.00492610837438424,0
"523","N. Zaitse","D",0.123991031390135,223,0.0493273542600897,0.300448430493274,0.134529147982063,0,0.00448430493273543,0
"524","O. Bjorks","RW",0.312162162162162,185,0.308108108108108,0.135135135135135,0.297297297297297,0,0.0216216216216216,0
"525","O. Ekman-","D",0.36198347107438,242,0.173553719008264,0.611570247933884,0.363636363636364,0,0.0289256198347107,0
"526","O. Kase","RW",0.638255033557047,149,0.281879194630872,0.120805369127517,0.241610738255034,0.00671140939597315,0.0604026845637584,0.0134228187919463
"527","O. Klefbo","D",0.322966507177033,209,0.0717703349282297,0.239234449760766,0.296650717703349,0.0143540669856459,0.0239234449760766,0
"528","O. Lindbe","LW",0.112021857923497,183,0.147540983606557,0.382513661202186,0.131147540983607,0,0,0
"529","O. Maatta","D",0.255837563451777,197,0.0456852791878173,0.263959390862944,0.243654822335025,0,0.0253807106598985,0
"530","O. Palat","LW",0.388205128205128,195,0.138461538461538,0.235897435897436,0.38974358974359,0,0.0102564102564103,0
"531","O. Sundqv","C",0.31031746031746,126,0.23015873015873,0.46031746031746,0.301587301587302,0,0.0317460317460317,0
"532","P. Aberg","LW",0.318897637795276,127,0.220472440944882,0.393700787401575,0.299212598425197,0,0.0393700787401575,0
"533","P. Bellem","C",0.120434782608696,230,0.0782608695652174,0.11304347826087,0.121739130434783,0,0.00434782608695652,0
"534","P. Berger","C",1.13798076923077,208,0.451923076923077,0.413461538461538,0.610576923076923,0.00961538461538462,0.0576923076923077,0.0192307692307692
"535","P. Berglu","C",0.252469135802469,162,0.12962962962963,0.259259259259259,0.0802469135802469,0.00617283950617284,0.0246913580246914,0.00617283950617284
"536","P. Buchne","RW",0.372625698324022,179,0.312849162011173,0.256983240223464,0.35195530726257,0,0.0335195530726257,0
"537","P. Byron","LW",0.356849315068493,219,0.228310502283105,0.26027397260274,0.214611872146119,0.0091324200913242,0.0319634703196347,0.0045662100456621
"538","P. Carey","C",0.0958904109589041,73,0.0958904109589041,0.273972602739726,0.0958904109589041,0,0.0136986301369863,0
"539","P. Danaul","C",0.685581395348837,215,0.148837209302326,0.52093023255814,0.46046511627907,0,0.0186046511627907,0.00930232558139535
"540","P. Di Giu","LW",0.122477064220183,109,0.0642201834862385,0.302752293577982,0.128440366972477,0,0.00917431192660551,0
"541","P. Eaves","RW",0.00681818181818182,88,0.0113636363636364,0.0909090909090909,0,0,0.0113636363636364,0
"542","P. Hollan","C",0.0373239436619718,71,0.0140845070422535,0.0985915492957746,0.0422535211267606,0,0,0
"543","P. Hornqv","RW",0.514354066985646,209,0.311004784688995,0.526315789473684,0.277511961722488,0,0.0239234449760766,0.00956937799043062
"544","P. Kane","RW",1.0334693877551,245,0.469387755102041,0.310204081632653,0.738775510204082,0.0326530612244898,0.073469387755102,0.00816326530612245
"545","P. Kessel","RW",1.00162601626016,246,0.357723577235772,0.373983739837398,0.682926829268293,0.0284552845528455,0.105691056910569,0.00813008130081301
"546","P. LaDue","D",0.141791044776119,67,0.104477611940299,0.447761194029851,0.104477611940299,0,0.0597014925373134,0
"547","P. Laine","RW",1.05316455696203,237,0.438818565400844,0.455696202531646,0.278481012658228,0,0.0590717299578059,0.029535864978903
"548","P. Marlea","LW",0.286178861788618,246,0.239837398373984,0.292682926829268,0.252032520325203,0.0040650406504065,0.0447154471544715,0
"549","P. Maroon","LW",0.270524017467249,229,0.161572052401747,0.877729257641921,0.270742358078603,0,0.0436681222707424,0
"550","P. Martin","D",0.02,95,0,0.0210526315789474,0.0210526315789474,0,0,0
"551","P. Nemeth","D",0.124450549450549,182,0.0274725274725275,0.807692307692308,0.164835164835165,0,0,0
"552","P. Parent","LW",0,67,0,0,0,0,0,0
"553","P. Postma","D",0.0113924050632911,79,0,0.0253164556962025,0.0126582278481013,0,0,0
"554","P. Sharp","C",0.0957627118644068,118,0.0847457627118644,0.11864406779661,0.0932203389830508,0,0.00847457627118644,0
"555","P. Stastn","C",0.495454545454545,198,0.212121212121212,0.393939393939394,0.47979797979798,0,0.0353535353535354,0
"556","P. Subban","D",0.383412322274882,211,0.161137440758294,0.957345971563981,0.412322274881517,0,0.018957345971564,0
"557","P. Varone","C",0.133333333333333,54,0.111111111111111,0.296296296296296,0.148148148148148,0,0,0
"558","P. Wierci","D",0,57,0,0,0,0,0,0
"559","P. Zacha","C",0.21,200,0.17,0.3,0.205,0,0.02,0
"560","R. Anders","D",0.35,90,0.0444444444444444,0.555555555555556,0.377777777777778,0,0,0
"561","R. Bortuz","D",0.113905325443787,169,0.0473372781065089,0.798816568047337,0.14792899408284,0,0.00591715976331361,0
"562","R. Bouche","C",0.05,60,0.05,0,0.0333333333333333,0,0.0166666666666667,0
"563","R. Bourqu","LW",0,65,0,0,0,0,0,0
"564","R. Callah","RW",0.263868613138686,137,0.138686131386861,0.416058394160584,0.240875912408759,0,0.0437956204379562,0
"565","R. Carpen","C",0.249236641221374,131,0.145038167938931,0.206106870229008,0.244274809160305,0,0.0152671755725191,0
"566","R. Dzinge","C",0.375420168067227,238,0.315126050420168,0.390756302521008,0.327731092436975,0.0168067226890756,0.0504201680672269,0
"567","R. Elie","LW",0.0933962264150943,106,0.0566037735849057,0.207547169811321,0.0943396226415094,0,0.00943396226415094,0
"568","R. Ellis","D",0.480710659898477,197,0.116751269035533,0.233502538071066,0.461928934010152,0,0.0304568527918782,0
"569","R. Fabbri","C",0.113253012048193,83,0.0481927710843374,0.144578313253012,0.0963855421686747,0,0.0240963855421687,0
"570","R. Faksa","C",0.286666666666667,240,0.195833333333333,0.6,0.191666666666667,0,0.0208333333333333,0.00416666666666667
"571","R. Getzla","C",0.589340101522843,197,0.197969543147208,0.802030456852792,0.598984771573604,0.0101522842639594,0.0203045685279188,0
"572","R. Grimal","RW",0.26984126984127,63,0.174603174603175,0.317460317460317,0.285714285714286,0,0,0
"573","R. Gudas","D",0.166121495327103,214,0.0467289719626168,0.976635514018692,0.214953271028037,0,0,0
"574","R. Hagg","D",0.196732026143791,153,0.0849673202614379,1.03267973856209,0.235294117647059,0,0.0130718954248366,0
"575","R. Hainse","D",0.231330472103004,233,0.0600858369098712,0.266094420600858,0.236051502145923,0,0.00858369098712446,0
"576","R. Hartma","RW",0.181434599156118,237,0.147679324894515,0.928270042194093,0.20253164556962,0,0.0253164556962025,0
"577","R. Johans","C",0.613692946058091,241,0.178423236514523,0.672199170124481,0.576763485477178,0.00829875518672199,0.0622406639004149,0
"578","R. Josi","D",0.557205240174673,229,0.192139737991266,0.471615720524017,0.528384279475983,0.00436681222707424,0.0480349344978166,0
"579","R. Kesler","C",0.05,186,0.0967741935483871,0.720430107526882,0.0645161290322581,0,0.021505376344086,0
"580","R. McDona","D",0.435135135135135,222,0.0990990990990991,0.396396396396396,0.445945945945946,0,0.00900900900900901,0
"581","R. Murphy","D",0.0823529411764706,51,0.0392156862745098,0.313725490196078,0.0980392156862745,0,0,0
"582","R. Murray","D",0.41,160,0.01875,0.175,0.41875,0,0,0
"583","R. Nash","C",0.188085106382979,235,0.0893617021276596,0.238297872340426,0.187234042553191,0,0.0127659574468085,0
"584","R. Nash","LW",0.0985507246376812,138,0.152173913043478,0.202898550724638,0.0942028985507246,0,0.0144927536231884,0
"585","R. Nugent","C",0.714159292035398,226,0.353982300884956,0.31858407079646,0.469026548672566,0.00442477876106195,0.0353982300884956,0.00884955752212389
"586","R. O'Reil","C",0.858297872340426,235,0.340425531914894,0.11063829787234,0.574468085106383,0.0212765957446809,0.0553191489361702,0.00851063829787234
"587","R. Panik","RW",0.256331877729258,229,0.183406113537118,0.550218340611354,0.25764192139738,0.00873362445414847,0.0174672489082969,0
"588","R. Polak","D",0.0815533980582524,206,0.0194174757281553,0.893203883495146,0.12621359223301,0,0,0
"589","R. Pulock","D",0.550331125827815,151,0.185430463576159,0.384105960264901,0.516556291390728,0.0132450331125828,0.0397350993377483,0
"590","R. Rakell","LW",0.767741935483871,217,0.32258064516129,0.313364055299539,0.391705069124424,0.0138248847926267,0.032258064516129,0.0138248847926267
"591","R. Reaves","RW",0.0874476987447699,239,0.0920502092050209,1.01255230125523,0.117154811715481,0,0.0209205020920502,0
"592","R. Ristol","D",0.490434782608696,230,0.0695652173913043,0.539130434782609,0.482608695652174,0.0130434782608696,0.0217391304347826,0
"593","R. Sheaha","C",0.180658436213992,243,0.119341563786008,0.172839506172839,0.168724279835391,0,0.0205761316872428,0
"594","R. Smith","RW",0.499547511312217,221,0.271493212669683,0.235294117647059,0.479638009049774,0.00452488687782805,0.0271493212669683,0
"595","R. Spoone","C",0.235978835978836,189,0.100529100529101,0.0423280423280423,0.211640211640212,0,0.0264550264550265,0
"596","R. Strome","C",0.241163793103448,232,0.219827586206897,0.693965517241379,0.228448275862069,0.0172413793103448,0.0301724137931034,0
"597","R. Suter","D",0.517355371900826,242,0.0826446280991736,0.479338842975207,0.516528925619835,0,0.0247933884297521,0
"598","R. Vrbata","RW",0.269918699186992,123,0.040650406504065,0.130081300813008,0.0731707317073171,0,0,0.00813008130081301
"599","R. White","C",0,65,0,0,0,0,0,0
"600","S. Aho","RW",0.876859504132231,242,0.367768595041322,0.31404958677686,0.586776859504132,0.0247933884297521,0.0743801652892562,0.00826446280991736
"601","S. Andrig","RW",0.225625,160,0.1375,0.2375,0.2125,0,0.025,0
"602","S. Baerts","LW",0.179591836734694,147,0.217687074829932,0.217687074829932,0.170068027210884,0.00680272108843537,0.0136054421768707,0
"603","S. Bennet","C",0.152777777777778,234,0.158119658119658,1.04700854700855,0.183760683760684,0,0.0213675213675214,0
"604","S. Coutur","C",0.859868421052632,228,0.425438596491228,0.434210526315789,0.574561403508772,0.0175438596491228,0.0701754385964912,0.0087719298245614
"605","S. Crosby","C",1.06398305084746,236,0.419491525423729,0.5,0.805084745762712,0.0211864406779661,0.0508474576271186,0.00847457627118644
"606","S. Doan","RW",0,74,0,0,0,0,0,0
"607","S. Gagner","RW",0.197058823529412,187,0.117647058823529,0.336898395721925,0.18716577540107,0.0053475935828877,0.0213903743315508,0
"608","S. Gostis","D",0.489439655172414,232,0.133620689655172,0.297413793103448,0.46551724137931,0.0129310344827586,0.0258620689655172,0
"609","S. Harrin","D",0.246456692913386,127,0.047244094488189,0.425196850393701,0.259842519685039,0,0.0078740157480315,0
"610","S. Hartne","LW",0.0635714285714286,140,0.0928571428571429,0.585714285714286,0.0785714285714286,0,0.0142857142857143,0
"611","S. Johns","D",0.0511029411764706,136,0.0588235294117647,0.301470588235294,0.0514705882352941,0,0.0147058823529412,0
"612","S. Jones","D",0.568859649122807,228,0.149122807017544,0.37719298245614,0.504385964912281,0.0307017543859649,0.0526315789473684,0
"613","S. Kampfe","D",0.0558823529411765,68,0.0882352941176471,0.941176470588235,0.102941176470588,0,0,0
"614","S. Koekko","D",0.112631578947368,95,0.0842105263157895,0.484210526315789,0.126315789473684,0,0.0105263157894737,0
"615","S. Kuraly","C",0.241558441558442,154,0.142857142857143,0.753246753246753,0.220779220779221,0.012987012987013,0.0454545454545455,0
"616","S. Laught","C",0.27030303030303,165,0.206060606060606,0.896969696969697,0.303030303030303,0,0.0121212121212121,0
"617","S. Matthi","C",0.0208333333333333,72,0.0138888888888889,0.138888888888889,0.0277777777777778,0,0,0
"618","S. Mayfie","D",0.204966887417219,151,0.0662251655629139,1.19867549668874,0.264900662251656,0,0,0
"619","S. Milano","LW",0.171641791044776,67,0.238805970149254,0.149253731343284,0.119402985074627,0.0149253731343284,0.0447761194029851,0
"620","S. Monaha","C",0.750427350427351,234,0.423076923076923,0.205128205128205,0.551282051282051,0.0128205128205128,0.0897435897435897,0.00427350427350427
"621","S. Noesen","RW",0.149044585987261,157,0.121019108280255,0.585987261146497,0.152866242038217,0,0.0254777070063694,0
"622","S. Ott","LW",0,53,0,0,0,0,0,0
"623","S. Prince","C",0.00703125,64,0.015625,0.171875,0.015625,0,0,0
"624","S. Reinha","RW",0.782304526748971,243,0.283950617283951,0.238683127572016,0.45679012345679,0,0.0288065843621399,0.0123456790123457
"625","S. Santin","D",0.100442477876106,113,0.0353982300884956,0.469026548672566,0.123893805309735,0,0,0
"626","S. Stamko","C",1.24689265536723,177,0.661016949152542,0.824858757062147,0.932203389830508,0,0.0734463276836158,0.0112994350282486
"627","S. Theodo","D",0.432758620689655,174,0.172413793103448,0.310344827586207,0.419540229885057,0.0114942528735632,0.0172413793103448,0
"628","S. Thornt","RW",0,50,0,0,0,0,0,0
"629","S. Upshal","LW",0.0860294117647059,136,0.0514705882352941,0.338235294117647,0.0882352941176471,0,0.0147058823529412,0
"630","S. Vatane","D",0.258031088082902,193,0.0621761658031088,0.435233160621762,0.27979274611399,0,0,0
"631","S. Weber","D",0.317901234567901,162,0.209876543209877,0.432098765432099,0.296296296296296,0,0.0432098765432099,0
"632","S. Wilson","LW",0.0517006802721088,147,0.0408163265306122,0.054421768707483,0.054421768707483,0,0,0
"633","T. Barrie","D",0.615,220,0.190909090909091,0.427272727272727,0.604545454545454,0,0.0318181818181818,0
"634","T. Bertuz","LW",0.972265625,128,0.3828125,0.8671875,0.5390625,0.015625,0.0703125,0.015625
"635","T. Bozak","C",0.374891774891775,231,0.16017316017316,0.294372294372294,0.354978354978355,0,0.0346320346320346,0
"636","T. Brodie","D",0.336324786324786,234,0.094017094017094,0.282051282051282,0.333333333333333,0.00854700854700855,0.00854700854700855,0
"637","T. Brouwe","RW",0.127333333333333,225,0.133333333333333,0.653333333333333,0.151111111111111,0,0.00888888888888889,0
"638","T. Chabot","D",0.747014925373134,134,0.276119402985075,0.582089552238806,0.73134328358209,0.0149253731343284,0.0298507462686567,0
"639","T. Daley","D",0.129943502824859,177,0.0734463276836158,0.338983050847458,0.107344632768362,0.00564971751412429,0.0338983050847458,0
"640","T. DeAnge","D",0.392045454545455,132,0.0606060606060606,1.25,0.454545454545455,0,0,0
"641","T. Ennis","RW",0.458285714285714,175,0.182857142857143,0.0914285714285714,0.148571428571429,0,0.0285714285714286,0.0114285714285714
"642","T. Enstro","D",0.0388349514563107,103,0.00970873786407767,0.194174757281553,0.0485436893203883,0,0,0
"643","T. Fedun","D",0.153409090909091,88,0.0909090909090909,0.340909090909091,0.170454545454545,0,0,0
"644","T. Graova","C",-0.00175438596491228,57,0,0.0350877192982456,0,0,0,0
"645","T. Hall","LW",0.655801104972376,181,0.337016574585635,0.364640883977901,0.585635359116022,0.0165745856353591,0.0718232044198895,0
"646","T. Hamoni","D",0.149739583333333,192,0.078125,0.755208333333333,0.177083333333333,0,0.0104166666666667,0
"647","T. Heed","D",0.456716417910448,67,0.104477611940299,0.417910447761194,0.447761194029851,0,0.0298507462686567,0
"648","T. Hertl","C",1.05439024390244,205,0.448780487804878,0.375609756097561,0.497560975609756,0.0146341463414634,0.0731707317073171,0.0195121951219512
"649","T. Hickey","D",0.127027027027027,185,0.027027027027027,0.486486486486487,0.151351351351351,0,0,0
"650","T. Johnso","C",0.647577092511013,227,0.348017621145374,0.352422907488987,0.286343612334802,0,0.0484581497797357,0.013215859030837
"651","T. Jost","C",0.314184397163121,141,0.24113475177305,0.382978723404255,0.283687943262411,0,0.049645390070922,0
"652","T. Jurco","LW",0.0758620689655173,58,0.103448275862069,0.206896551724138,0.0689655172413793,0,0.0172413793103448,0
"653","T. Kero","C",0.0363636363636364,55,0.0181818181818182,0,0.0363636363636364,0,0,0
"654","T. Konecn","RW",0.354935622317597,233,0.309012875536481,0.540772532188841,0.313304721030043,0.0171673819742489,0.0515021459227468,0
"655","T. Krug","D",0.651131221719457,221,0.117647058823529,0.461538461538462,0.6289592760181,0.00904977375565611,0.0361990950226244,0
"656","T. Kuhnha","RW",0.0969135802469136,162,0.0617283950617284,0.160493827160494,0.0987654320987654,0,0.00617283950617284,0
"657","T. Lewis","C",0.169329896907217,194,0.103092783505155,0.221649484536082,0.154639175257732,0,0.0257731958762887,0
"658","T. Meier","RW",0.471243523316062,193,0.419689119170984,0.83419689119171,0.450777202072539,0.0207253886010363,0.0414507772020725,0
"659","T. Mitche","C",0.0253623188405797,138,0.0434782608695652,0.217391304347826,0.036231884057971,0,0,0
"660","T. Motte","C",0.109150326797386,153,0.150326797385621,0.169934640522876,0.104575163398693,0,0.0130718954248366,0
"661","T. Myers","D",0.435260115606936,173,0.138728323699422,1.00578034682081,0.427745664739884,0.00578034682080925,0.0520231213872832,0
"662","T. Nosek","LW",0.174657534246575,146,0.157534246575342,0.342465753424658,0.178082191780822,0,0.0136986301369863,0
"663","T. Oshie","RW",0.440047393364929,211,0.322274881516588,0.488151658767773,0.412322274881517,0,0.0521327014218009,0
"664","T. Pearso","LW",0.194834710743802,242,0.210743801652893,0.318181818181818,0.177685950413223,0.00826446280991736,0.0247933884297521,0
"665","T. Pitlic","C",0.143670886075949,158,0.189873417721519,0.291139240506329,0.132911392405063,0,0.0253164556962025,0
"666","T. Plekan","C",0.12741935483871,155,0.0387096774193548,0.290322580645161,0.129032258064516,0.00645161290322581,0.00645161290322581,0
"667","T. Pyatt","LW",0.1015,200,0.035,0.07,0.095,0,0.01,0
"668","T. Rattie","RW",0.280821917808219,73,0.178082191780822,0.136986301369863,0.246575342465753,0,0.0410958904109589,0
"669","T. Rieder","RW",0.150666666666667,225,0.0533333333333333,0.0977777777777778,0.155555555555556,0,0,0
"670","T. Schall","C",0.111702127659574,188,0.0957446808510638,0.319148936170213,0.127659574468085,0,0,0
"671","T. Seguin","C",0.731910569105691,246,0.430894308943089,0.321138211382114,0.536585365853659,0.0203252032520325,0.0894308943089431,0.0040650406504065
"672","T. Steche","D",0.216820276497696,217,0.0230414746543779,0.456221198156682,0.23963133640553,0,0,0
"673","T. Tatar","LW",0.360245901639344,244,0.286885245901639,0.418032786885246,0.327868852459016,0.00409836065573771,0.0491803278688525,0
"674","T. Terava","C",1.37560975609756,82,0.51219512195122,0.292682926829268,1.34146341463415,0.024390243902439,0.024390243902439,0
"675","T. Terava","LW",0.419018404907975,163,0.141104294478528,0.0858895705521472,0.251533742331288,0,0.0184049079754601,0.00613496932515337
"676","T. Toffol","RW",0.347577092511013,227,0.220264317180617,0.273127753303965,0.286343612334802,0.0220264317180617,0.052863436123348,0
"677","T. van Ri","D",0.167441860465116,215,0.0418604651162791,0.186046511627907,0.162790697674419,0,0.013953488372093,0
"678","T. Vanek","LW",0.568867924528302,212,0.264150943396226,0.415094339622642,0.339622641509434,0,0.0141509433962264,0.00943396226415094
"679","T. Wilson","RW",0.178699551569507,223,0.260089686098655,1.98654708520179,0.255605381165919,0,0.0224215246636771,0
"680","T. Wingel","RW",0.0456081081081081,148,0.0608108108108108,0.304054054054054,0.0540540540540541,0,0.00675675675675676,0
"681","T. Zajac","C",0.326233183856502,223,0.224215246636771,0.291479820627803,0.304932735426009,0.00896860986547085,0.0269058295964126,0
"682","V. Arvids","RW",0.586111111111111,216,0.449074074074074,0.407407407407407,0.277777777777778,0.00462962962962963,0.0925925925925926,0.00925925925925926
"683","V. Fiddle","C",0,59,0,0,0,0,0,0
"684","V. Filppu","C",0.264655172413793,232,0.193965517241379,0.224137931034483,0.21551724137931,0.00862068965517241,0.0517241379310345,0
"685","V. Hedman","D",0.601327433628319,226,0.18141592920354,0.628318584070796,0.575221238938053,0.0176991150442478,0.0398230088495575,0
"686","V. Hinost","RW",0.696491228070175,171,0.228070175438596,0.222222222222222,0.374269005847953,0,0.0409356725146199,0.0116959064327485
"687","V. Namest","C",0.289055793991416,233,0.188841201716738,0.570815450643777,0.283261802575107,0,0.0343347639484979,0
"688","V. Rask","C",0.151485148514851,202,0.099009900990099,0.138613861386139,0.143564356435644,0,0.0148514851485149,0
"689","V. Sobotk","C",0.23112582781457,151,0.139072847682119,0.675496688741722,0.23841059602649,0,0.0264900662251656,0
"690","V. Stalbe","LW",0,75,0,0,0,0,0,0
"691","V. Tarase","RW",0.709873949579832,238,0.415966386554622,0.256302521008403,0.432773109243697,0.0168067226890756,0.0630252100840336,0.00840336134453781
"692","V. Troche","C",0.529223744292237,219,0.232876712328767,0.73972602739726,0.420091324200913,0,0.0319634703196347,0.0045662100456621
"693","W. Carrie","LW",0.0162878787878788,132,0.128787878787879,0.583333333333333,0.0303030303030303,0,0.0151515151515152,0
"694","W. Karlss","C",0.668571428571429,245,0.371428571428571,0.179591836734694,0.404081632653061,0.00408163265306122,0.0653061224489796,0.00816326530612245
"695","W. Nyland","RW",0.409677419354839,217,0.15668202764977,0.193548387096774,0.373271889400922,0.00921658986175115,0.0368663594470046,0
"696","W. Simmon","RW",0.297669491525424,236,0.245762711864407,1.08050847457627,0.203389830508475,0.00423728813559322,0.038135593220339,0.00423728813559322
"697","X. Ouelle","D",0.0876923076923077,130,0,0.246153846153846,0.1,0,0,0
"698","Y. Auvitu","D",0.096551724137931,58,0.0517241379310345,0.137931034482759,0.103448275862069,0,0,0
"699","Y. Gourde","C",0.548901098901099,182,0.379120879120879,1,0.5,0.0164835164835165,0.0824175824175824,0
"700","Y. Weber","D",0.0681318681318681,182,0.032967032967033,0.285714285714286,0.0824175824175824,0,0,0
"701","Z. Bogosi","D",0.192805755395683,139,0.0431654676258993,0.892086330935252,0.237410071942446,0,0,0
"702","Z. Chara","D",0.158571428571429,210,0.080952380952381,0.828571428571429,0.166666666666667,0,0.0333333333333333,0
"703","Z. Girgen","LW",0.142201834862385,218,0.0779816513761468,0.275229357798165,0.155963302752294,0,0,0
"704","Z. Hyman","LW",0.283617021276596,235,0.242553191489362,0.71063829787234,0.276595744680851,0,0.0425531914893617,0
"705","Z. Kassia","RW",0.108620689655172,232,0.15948275862069,1.27586206896552,0.146551724137931,0,0.0258620689655172,0
"706","Z. Parise","LW",0.463243243243243,185,0.383783783783784,0.356756756756757,0.405405405405405,0,0.0756756756756757,0
"707","Z. Sanfor","LW",0.261616161616162,99,0.161616161616162,0.424242424242424,0.242424242424242,0,0.0404040404040404,0
"708","Z. Smith","LW",0.208490566037736,212,0.108490566037736,1.0188679245283,0.245283018867925,0,0.0141509433962264,0
"709","Z. Werens","D",0.381434599156118,237,0.160337552742616,0.219409282700422,0.367088607594937,0.00421940928270042,0.0210970464135021,0
"710","A. Bjork","LW",0.23,50,0.12,0.2,0.24,0,0,0
"711","A. Cirell","C",0.543,100,0.43,0.74,0.46,0.02,0.1,0
"712","A. Debrin","LW",1.37926829268293,164,0.670731707317073,0.219512195121951,0.573170731707317,0.0121951219512195,0.0426829268292683,0.0304878048780488
"713","A. Gaudet","C",0.232786885245902,61,0.163934426229508,0.590163934426229,0.229508196721311,0,0.0327868852459016,0
"714","A. Iafall","LW",0.345222929936306,157,0.248407643312102,0.356687898089172,0.331210191082803,0,0.0318471337579618,0
"715","A. Johnss","LW",1.21707317073171,82,0.51219512195122,0.780487804878049,0.573170731707317,0,0.0731707317073171,0.024390243902439
"716","A. Kerfoo","C",0.476433121019108,157,0.312101910828025,0.662420382165605,0.496815286624204,0,0.0127388535031847,0
"717","A. Mangia","LW",0.198148148148148,54,0.296296296296296,0.481481481481481,0.185185185185185,0,0.037037037037037,0
"718","B. Gibbon","LW",0.300813008130081,123,0.227642276422764,0.48780487804878,0.292682926829268,0.00813008130081301,0.024390243902439,0
"719","B. Leipsi","LW",0.415833333333333,120,0.158333333333333,0.516666666666667,0.408333333333333,0.00833333333333333,0.025,0
"720","B. Lemieu","LW",0.00208333333333335,72,0.347222222222222,3.29166666666667,0.138888888888889,0,0.0277777777777778,0
"721","C. Brickl","LW",0.243965517241379,58,0.103448275862069,0.637931034482759,0.241379310344828,0,0.0344827586206897,0
"722","C. Cave","C",0.183928571428571,56,0.107142857142857,0.607142857142857,0.178571428571429,0,0.0357142857142857,0
"723","C. Djoos","D",0.260185185185185,108,0.0462962962962963,0.166666666666667,0.268518518518519,0,0,0
"724","C. Jaros","D",0.242857142857143,63,0.0317460317460317,0.857142857142857,0.285714285714286,0,0,0
"725","C. McAvoy","D",0.605555555555556,117,0.179487179487179,1.22222222222222,0.572649572649573,0.0256410256410256,0.0683760683760684,0
"726","C. Mittel","C",0.372289156626506,83,0.301204819277108,0.265060240963855,0.36144578313253,0,0.0240963855421687,0
"727","D. Kampf","C",0.321100917431193,109,0.110091743119266,0.36697247706422,0.339449541284404,0,0,0
"728","D. Sprong","RW",0.380281690140845,71,0.422535211267606,0.28169014084507,0.267605633802817,0.028169014084507,0.0985915492957746,0
"729","E. Dadono","RW",1.01794871794872,156,0.538461538461538,0.153846153846154,0.775641025641026,0,0.0897435897435897,0.00641025641025641
"730","E. Gustaf","D",0.906140350877193,114,0.342105263157895,0.649122807017544,0.850877192982456,0.0350877192982456,0.0526315789473684,0
"731","F. Chytil","C",0.345238095238095,84,0.273809523809524,0.238095238095238,0.30952380952381,0,0.0476190476190476,0
"732","H. Borgst","C",0.362962962962963,54,0.314814814814815,0.148148148148148,0.37037037037037,0,0,0
"733","H. Fleury","D",0.104597701149425,87,0,0.206896551724138,0.114942528735632,0,0,0
"734","J. Bratt","LW",0.596,125,0.232,0.24,0.576,0,0.032,0
"735","J. DeBrus","LW",0.48731884057971,138,0.507246376811594,0.398550724637681,0.41304347826087,0,0.0942028985507246,0
"736","J. Greenw","LW",0.254022988505747,87,0.275862068965517,0.666666666666667,0.28735632183908,0,0,0
"737","J. Rutta","D",0.257446808510638,94,0.106382978723404,0.595744680851064,0.276595744680851,0,0.0106382978723404,0
"738","J. Ryan","D",0.208490566037736,106,0.0283018867924528,0.358490566037736,0.216981132075472,0,0.00943396226415094,0
"739","L. Kunin","C",0.333088235294118,68,0.205882352941176,0.985294117647059,0.352941176470588,0,0.0294117647058824,0
"740","M. Amadio","C",0.2125,80,0.2,0.25,0.225,0,0,0
"741","M. Bowey","D",0.23960396039604,101,0.0396039603960396,1.14851485148515,0.277227722772277,0,0.0198019801980198,0
"742","M. Janmar","C",0.335802469135803,162,0.191358024691358,0.444444444444444,0.327160493827161,0.00617283950617284,0.0246913580246914,0
"743","M. Kempe","RW",0.142857142857143,70,0.142857142857143,0.571428571428571,0.171428571428571,0,0,0
"744","M. Petter","D",0.397169811320755,106,0.0471698113207547,1.30188679245283,0.462264150943396,0,0,0
"745","N. Hischi","C",0.677483443708609,151,0.357615894039735,0.490066225165563,0.609271523178808,0.0397350993377483,0.0529801324503311,0
"746","N. Patric","C",0.40551724137931,145,0.268965517241379,0.579310344827586,0.36551724137931,0.0137931034482759,0.0551724137931034,0
"747","N. Pionk","D",0.503960396039604,101,0.128712871287129,0.811881188118812,0.524752475247525,0,0.0198019801980198,0
"748","N. Seeler","D",0.0919354838709678,93,0.043010752688172,1.60215053763441,0.150537634408602,0,0.021505376344086,0
"749","O. Fanten","D",0.0994318181818182,88,0.0681818181818182,0.511363636363636,0.125,0,0,0
"750","O. Lindbl","LW",0.371153846153846,104,0.346153846153846,0.461538461538462,0.346153846153846,0,0.0480769230769231,0
"751","P. Dubois","C",0.7875,164,0.451219512195122,1.07926829268293,0.585365853658537,0.0182926829268293,0.0853658536585366,0.00609756097560976
"752","R. Donato","C",0.548529411764706,68,0.367647058823529,0.205882352941176,0.5,0.0294117647058824,0.0294117647058824,0
"753","S. Girard","D",0.412903225806452,155,0.0774193548387097,0.129032258064516,0.419354838709677,0,0,0
"754","T. Boyd","C",0.529508196721312,61,0.163934426229508,0.229508196721311,0.508196721311475,0,0.0327868852459016,0
"755","T. Dermot","D",0.35049504950495,101,0.0891089108910891,0.514851485148515,0.376237623762376,0,0,0
"756","T. Sanhei","D",0.479389312977099,131,0.152671755725191,0.488549618320611,0.458015267175573,0.0152671755725191,0.0305343511450382,0
"757","T. Thomps","RW",0.126415094339623,106,0.160377358490566,0.490566037735849,0.150943396226415,0,0,0
"758","V. Dunn","D",0.467320261437909,153,0.189542483660131,0.718954248366013,0.42483660130719,0.0196078431372549,0.0588235294117647,0
"759","V. Mete","D",0.268333333333333,120,0,0.133333333333333,0.275,0,0,0
"760","W. Butche","D",0.577358490566038,159,0.0817610062893082,0.276729559748428,0.572327044025157,0,0.0188679245283019,0
"761","W. Foegel","LW",0.189873417721519,79,0.278481012658228,0.506329113924051,0.139240506329114,0,0.0759493670886076,0
"762","Z. Aston-","LW",0.344067796610169,59,0.338983050847458,0.915254237288136,0.338983050847458,0,0.0508474576271186,0
"763","Z. Rinald","LW",0.05,76,0.0921052631578947,1.10526315789474,0.0789473684210526,0,0.0263157894736842,0
"764","A. Svechn","RW",0.436585365853659,82,0.48780487804878,1.51219512195122,0.414634146341463,0.024390243902439,0.0731707317073171,0
"765","A. Wagner","LW",0.264516129032258,62,0.387096774193548,0.516129032258065,0.290322580645161,0,0,0
"766","B. Howden","C",0.524242424242424,66,0.181818181818182,0.424242424242424,0.515151515151515,0,0.0303030303030303,0
"767","B. Seney","LW",0.252941176470588,51,0.196078431372549,1.2156862745098,0.313725490196078,0,0,0
"768","B. Tkachu","LW",0.654929577464789,71,0.619718309859155,2.11267605633803,0.647887323943662,0.028169014084507,0.0845070422535211,0
"769","C. Ehn","C",0.223333333333333,60,0.1,0.2,0.2,0,0.0333333333333333,0
"770","D. Cholow","D",0.353846153846154,52,0.269230769230769,0.615384615384615,0.346153846153846,0,0.0384615384615385,0
"771","D. Kahun","LW",0.626829268292683,82,0.317073170731707,0.146341463414634,0.585365853658537,0,0.0487804878048781,0
"772","E. Cernak","D",0.313793103448276,58,0.172413793103448,2,0.379310344827586,0,0.0344827586206897,0
"773","E. Petter","C",1.9830985915493,71,0.788732394366197,0.338028169014085,1.07042253521127,0.028169014084507,0.197183098591549,0.028169014084507
"774","G. Wilson","LW",0.204,50,0.08,0.72,0.24,0,0,0
"775","I. Kovalc","LW",0.609375,64,0.5,0.3125,0.5625,0.03125,0.03125,0
"776","I. Ozhiga","D",0.124528301886792,53,0.113207547169811,0.528301886792453,0.150943396226415,0,0,0
"777","J. Kotkan","C",0.6,79,0.278481012658228,0.658227848101266,0.582278481012658,0,0.0506329113924051,0
"778","K. Sherwo","RW",0.253846153846154,52,0.230769230769231,0.307692307692308,0.230769230769231,0,0.0384615384615385,0
"779","M. Heiska","D",0.590243902439024,82,0.292682926829268,0.390243902439024,0.51219512195122,0,0.0975609756097561,0
"780","M. Joseph","RW",0.362857142857143,70,0.371428571428571,0.742857142857143,0.371428571428571,0,0.0285714285714286,0
"781","M. Lajoie","D",0.25,56,0.25,0.714285714285714,0.285714285714286,0,0,0
"782","M. Rasmus","C",0.275806451612903,62,0.258064516129032,0.935483870967742,0.32258064516129,0,0,0
"783","P. Lindho","C",0.341538461538462,65,0.0307692307692308,0.553846153846154,0.369230769230769,0,0,0
"784","R. Dahlin","D",0.909756097560976,82,0.219512195121951,0.829268292682927,0.853658536585366,0,0.0975609756097561,0
"785","R. Hintz","LW",0.544827586206897,58,0.310344827586207,0.827586206896552,0.448275862068966,0.0344827586206897,0.103448275862069,0
"786","R. Thomas","C",0.665714285714286,70,0.257142857142857,0.4,0.685714285714286,0,0,0
"787","V. Nichus","RW",0.350877192982456,57,0,0,0.350877192982456,0,0,0
