C,Name,Pos,City,GP,G,A,Pts,PIM,PIMB,SOA,SOG,PP,PPA,SH,SHA,OTG,GW,GT,EN,Hat.,S,+/-,PPts,PPts/GP,Sal,CapH,St
1,N. Kucher,RW,TB,82,41,87,128,62,0,7,4,15,33,0,0,0,8,0,1,0,246,24,128,1.6,12,9.5,
2,C. McDavi,C,EDM,78,41,75,116,20,0,4,2,9,24,1,1,3,9,0,3,0,240,3,116,1.5,14,12.5,
3,P. Kane,RW,CHI,81,44,66,110,22,0,4,2,9,21,0,0,3,7,0,4,1,341,2,112,1.4,9.8,10.5,
4,L. Draisa,C,EDM,82,50,55,105,52,0,4,1,16,13,3,0,3,5,0,0,1,231,2,107,1.3,9,8.5,
5,J. Gaudre,LW,CAL,82,36,63,99,24,0,2,0,6,21,0,0,3,8,0,2,2,245,18,103,1.3,6.75,6.75,
6,S. Crosby,C,PIT,79,35,65,100,36,0,5,1,12,17,0,2,1,3,0,2,1,220,18,102,1.3,9,8.7,
7,B. Marcha,LW,BOS,79,36,64,100,96,10,5,1,10,24,3,4,3,9,0,2,0,231,15,100,1.3,7.5,6.13,
8,S. Stamko,C,TB,82,45,53,98,37,5,3,2,19,21,2,0,0,6,0,1,1,234,4,100,1.2,9.5,8.5,
9,A. Barkov,C,FLA,82,35,61,96,8,0,10,3,13,18,0,1,2,5,0,1,2,206,-3,100,1.2,6.9,5.9,
10,N. MacKin,C,COL,82,41,58,99,34,0,4,1,12,25,0,0,1,6,0,4,0,365,20,99,1.2,6.75,6.3,
11,A. Ovechk,LW,WAS,81,51,38,89,40,0,4,2,18,10,0,0,0,5,0,4,3,338,7,95,1.2,10,9.54,
12,B. Point,C,TB,79,41,51,92,28,0,6,0,20,15,0,0,2,7,0,1,1,191,27,94,1.2,-,-,
13,M. Marner,RW,TOR,82,26,68,94,22,0,2,0,3,18,1,2,0,5,0,4,0,233,22,94,1.1,16,10.89,
14,B. Wheele,RW,WIN,82,20,71,91,60,10,1,0,2,31,2,1,0,3,0,3,1,231,0,93,1.1,10,8.25,
15,J. Tavare,C,TOR,82,47,41,88,34,0,2,0,10,9,0,0,1,8,0,0,2,286,19,92,1.1,15.9,11,
16,J. Huberd,LW,FLA,82,30,62,92,40,0,8,4,11,23,0,0,0,5,0,1,0,226,-14,92,1.1,6.2,5.9,
17,M. Rantan,RW,COL,74,31,56,87,54,0,2,2,16,17,0,0,1,4,0,3,0,193,13,87,1.2,-,-,
18,A. Panari,LW,NYR,79,28,59,87,23,5,3,2,6,12,0,0,4,8,0,1,0,191,14,87,1.1,14,11.64,
19,D. Pastrn,RW,BOS,66,38,43,81,32,0,3,0,17,16,0,0,0,4,0,1,3,235,6,87,1.3,6.8,6.67,
20,C. Giroux,RW,PHI,82,22,63,85,24,0,4,1,2,21,1,0,1,4,0,1,0,229,9,85,1,8,8.28,
21,S. Aho,RW,CAR,82,30,53,83,26,0,3,0,3,21,4,1,3,7,0,5,1,243,25,85,1,12,8.45,
22,J. Toews,C,CHI,82,35,46,81,40,0,4,3,9,14,1,0,2,5,0,3,2,235,2,85,1,9.8,10.5,
23,M. Scheif,C,WIN,82,38,46,84,38,0,2,1,12,11,0,3,3,6,0,2,0,199,8,84,1,6.75,6.13,
24,P. Kessel,RW,ARI,82,27,55,82,28,0,3,1,12,24,0,0,2,10,0,0,1,215,-19,84,1,7,8,
25,B. Burns,D,SJ,82,16,67,83,34,0,0,0,7,21,1,4,2,6,0,0,0,300,13,83,1,10,8,
26,S. Monaha,C,CAL,78,34,48,82,12,0,4,3,12,11,0,0,0,5,0,2,0,211,7,82,1.1,6.75,6.38,
27,J. Eichel,C,BUF,77,28,54,82,26,0,8,4,8,18,0,0,2,2,0,2,0,303,-11,82,1.1,10,10,
28,P. Berger,C,BOS,65,32,47,79,30,0,2,0,9,18,4,3,1,3,0,5,1,205,23,81,1.2,4.38,6.88,
29,T. Seguin,C,DAL,82,33,47,80,18,0,3,1,9,18,0,0,2,8,0,3,0,334,17,80,1,13.5,9.85,
30,J. Guentz,LW,PIT,82,40,36,76,26,0,2,1,6,5,1,0,1,4,0,1,2,227,13,80,1,7,6,
31,M. Tkachu,LW,CAL,80,34,43,77,62,10,4,0,11,13,0,0,0,2,0,4,1,207,14,79,1,-,-,
32,R. O'Reil,C,STL,82,28,49,77,12,0,5,2,6,16,1,2,2,5,0,1,1,234,22,79,1,6,7.5,
33,E. Lindho,C,CAL,81,27,51,78,20,0,1,0,9,17,1,3,0,5,0,2,0,182,30,78,1,5.85,4.85,
34,S. Coutur,C,PHI,80,33,43,76,34,0,2,1,8,9,1,0,1,5,0,1,1,223,2,78,1,4.5,4.33,
35,T. Hertl,C,SJ,77,35,39,74,18,0,2,0,11,4,1,1,1,5,0,3,2,176,5,78,1,6.25,5.63,
36,A. Debrin,LW,CHI,82,41,35,76,15,5,2,1,13,11,0,0,1,3,0,1,1,220,0,78,1,0.8,0.78,
37,G. Landes,LW,COL,73,34,41,75,51,5,4,0,10,17,0,0,0,9,0,2,1,243,17,77,1.1,6,5.57,
38,M. Zibane,C,NYR,82,30,44,74,47,0,11,5,11,12,2,0,0,5,0,2,1,236,-12,76,0.9,5.35,5.35,
39,N. Backst,C,WAS,80,22,52,74,30,0,5,3,7,18,0,0,1,5,0,2,1,169,2,76,0.9,8,6.7,
40,T. Terava,C,CAR,82,21,55,76,12,0,0,0,8,16,1,4,1,1,0,1,0,167,30,76,0.9,6.25,5.4,
41,M. Giorda,D,CAL,78,17,57,74,69,5,0,0,3,18,4,2,0,2,0,0,0,221,39,74,0.9,6.75,6.75,
42,A. Radulo,RW,DAL,70,29,43,72,54,0,3,0,7,16,0,0,1,7,0,4,1,209,22,74,1.1,6.6,6.25,
43,A. Matthe,C,TOR,68,37,36,73,12,0,2,1,12,8,0,0,2,5,0,0,0,251,-9,73,1.1,15.9,11.63,
44,C. Atkins,RW,CLB,80,41,28,69,20,0,3,2,8,6,4,0,0,8,0,3,2,295,3,73,0.9,7.38,5.88,
45,M. Stone,RW,VEG,77,33,40,73,27,5,0,0,6,14,1,0,1,4,0,1,0,199,17,73,0.9,12,9.5,
46,D. Larkin,C,DET,76,32,41,73,75,5,4,1,7,8,2,1,4,4,0,3,0,287,-6,73,1,7,6.1,
47,D. Krejci,C,BOS,81,20,53,73,16,0,1,0,6,10,0,0,1,4,0,0,0,139,7,73,0.9,7,7.25,
48,M. Rielly,D,TOR,82,20,52,72,14,0,0,0,3,18,0,0,2,5,0,0,0,223,24,72,0.9,5,5,
49,M. Domi,C,MON,82,28,44,72,80,10,1,0,4,7,0,0,0,2,0,2,0,203,20,72,0.9,3.15,3.15,
50,L. Coutur,C,SJ,81,27,43,70,22,0,3,0,6,12,2,0,0,3,0,1,1,204,-6,72,0.9,10,8,
51,E. Malkin,C,PIT,68,21,51,72,89,5,3,0,9,17,0,0,0,5,0,1,0,187,-25,72,1.1,9.5,9.5,
52,E. Kuznet,C,WAS,76,21,51,72,50,0,5,3,8,15,0,0,2,3,0,1,0,193,7,72,0.9,8.4,7.8,
53,R. Nugent,C,EDM,82,28,41,69,26,0,6,3,8,18,1,2,0,3,0,0,1,208,-13,71,0.9,6,6,
54,E. Dadono,RW,FLA,82,28,42,70,8,0,0,0,8,9,0,0,0,4,0,2,0,195,-6,70,0.9,3.6,4,
55,V. Tarase,RW,STL,76,33,35,68,22,0,4,0,12,10,0,0,1,5,0,0,1,275,8,70,0.9,9.5,7.5,
56,M. Hoffma,LW,FLA,82,36,34,70,30,0,1,0,17,18,0,0,3,6,0,0,0,253,-24,70,0.9,5.65,5.19,
57,J. Carlso,D,WAS,80,13,57,70,34,0,1,0,3,30,0,0,0,1,0,1,0,185,21,70,0.9,12,8,
58,M. Duchen,C,NAS,73,31,39,70,8,0,0,0,6,8,0,0,0,1,0,2,0,172,-3,70,1,8,8,
59,K. Connor,LW,WIN,82,34,32,66,18,0,3,2,11,8,1,0,0,5,0,4,1,227,-7,68,0.8,-,-,
60,E. Petter,C,VAN,71,28,38,66,12,0,10,3,10,12,0,0,1,7,0,0,1,144,3,68,1,0.93,0.93,
61,S. Reinha,RW,BUF,82,22,43,65,16,0,6,3,2,13,0,0,0,1,0,2,1,180,-10,67,0.8,3.75,3.65,
62,J. Vorace,RW,PHI,78,20,46,66,25,0,4,1,4,14,0,0,0,2,0,1,0,210,-16,66,0.8,9.25,8.25,
63,J. Pavels,C,DAL,75,38,26,64,22,0,3,0,12,9,1,0,1,6,0,2,1,188,-4,66,0.9,8,7,
64,T. Meier,RW,SJ,78,30,36,66,55,5,0,0,6,4,0,1,2,2,0,0,0,250,9,66,0.8,4,6,
65,J. Skinne,LW,BUF,82,40,23,63,36,0,1,0,8,8,0,0,3,7,0,1,1,268,0,65,0.8,10,9,
66,R. Johans,C,NAS,80,14,50,64,42,0,4,3,0,16,1,1,1,6,0,0,0,136,7,64,0.8,8,8,
67,M. Barzal,C,NYI,82,18,44,62,46,0,9,2,3,15,0,0,1,3,0,0,1,179,-5,64,0.8,0.83,0.86,
68,K. Yandle,D,FLA,82,9,53,62,50,0,0,0,7,32,0,0,0,2,0,0,0,199,-17,62,0.8,5.75,6.35,
69,J. Marche,C,VEG,82,25,34,59,52,0,3,0,5,11,0,0,1,6,0,4,1,278,2,61,0.7,6,5,
70,Z. Parise,LW,MIN,74,28,33,61,26,0,5,1,10,6,0,2,0,5,0,2,0,229,-2,61,0.8,9,7.54,
71,P. Dubois,C,CLB,82,27,34,61,64,0,1,1,2,7,0,0,1,5,0,1,0,174,16,61,0.7,0.83,0.89,
72,B. Horvat,C,VAN,82,27,34,61,33,5,6,0,7,11,2,1,2,3,0,1,0,227,-4,61,0.7,5.78,5.5,
73,G. Nyquis,RW,CLB,81,22,38,60,12,0,6,1,2,10,0,0,1,3,0,2,0,204,1,60,0.7,6,5.5,
74,A. Kopita,C,LA,81,22,38,60,30,0,7,3,1,18,2,0,0,3,0,2,0,156,-20,60,0.7,11,10,
75,E. Gustaf,D,CHI,79,17,43,60,34,0,0,0,4,14,0,0,2,3,0,0,0,160,-6,60,0.8,1.4,1.2,
76,T. Barrie,D,TOR,78,14,45,59,36,0,0,0,2,23,0,0,0,2,0,0,0,218,-3,59,0.8,6,5.5,
77,K. Labanc,RW,SJ,82,17,39,56,36,0,0,0,2,18,0,0,2,4,0,0,1,130,-1,58,0.7,1,1,
78,T. Tatar,LW,MON,80,25,33,58,34,0,2,0,4,4,0,0,0,4,0,1,0,195,21,58,0.7,5.5,5.3,
79,B. Boeser,RW,VAN,69,26,30,56,22,0,9,2,6,9,0,0,1,3,0,1,1,209,-2,58,0.8,4,5.88,
80,D. Strome,C,CHI,78,20,37,57,20,0,0,0,6,10,0,0,0,3,0,1,0,145,-8,57,0.7,0.83,0.86,
81,J. Bailey,RW,NYI,82,16,40,56,21,5,9,3,2,12,1,0,1,4,0,1,0,126,8,56,0.7,6,5,
82,K. Letang,D,PIT,65,16,40,56,48,0,2,0,2,17,1,1,1,3,0,3,0,206,13,56,0.9,7.25,7.25,
83,W. Karlss,C,VEG,82,24,32,56,16,0,4,1,7,7,1,2,0,5,0,0,0,169,1,56,0.7,5.9,5.9,
84,E. Kane,LW,SJ,75,30,26,56,153,15,0,0,5,6,1,1,0,1,0,0,0,268,-4,56,0.7,8,7,
85,R. Dzinge,C,CAR,78,26,30,56,29,5,0,0,5,6,0,0,2,5,0,0,0,159,-9,56,0.7,3.25,3.38,
86,R. Josi,D,NAS,82,15,41,56,42,0,0,0,2,10,0,1,0,4,0,3,0,274,9,56,0.7,4,4,
87,P. Laine,RW,WIN,82,30,20,50,42,0,3,2,15,8,0,0,0,3,0,2,3,245,-24,56,0.7,-,-,
88,K. Hayes,C,PHI,71,19,36,55,12,0,4,1,3,8,2,1,1,2,0,3,0,156,-2,55,0.8,9,7.14,
89,T. Chabot,D,OTT,70,14,41,55,32,0,1,0,1,15,1,0,1,2,0,0,0,185,-12,55,0.8,0.83,0.86,
90,J. Benn,LW,DAL,78,27,26,53,56,10,3,1,8,3,0,0,0,2,0,1,1,189,14,55,0.7,13,9.5,
91,P. Danaul,C,MON,81,12,41,53,39,5,0,0,0,4,0,2,0,1,0,0,1,132,17,55,0.7,3,3.08,
92,B. Gallag,RW,MON,82,33,19,52,49,5,0,0,4,3,0,0,0,4,0,1,1,302,10,54,0.7,4,3.75,
93,A. Athana,LW,DET,76,30,24,54,38,0,2,2,3,8,0,0,1,4,0,1,0,216,-9,54,0.7,3,3,
94,T. Oshie,RW,WAS,69,25,29,54,36,0,5,2,6,8,1,0,0,4,0,4,0,143,5,54,0.8,6.5,5.75,
95,M. Granlu,LW,NAS,79,16,38,54,24,0,0,0,2,18,2,0,1,5,0,2,0,189,-8,54,0.7,6.5,5.75,
96,B. Schenn,C,STL,72,17,37,54,40,10,1,0,4,8,0,0,1,5,0,0,0,159,3,54,0.8,4.5,5.13,
97,V. Hedman,D,TB,70,12,42,54,44,0,5,4,2,23,0,1,2,4,0,0,0,182,24,54,0.8,8,7.88,
98,N. Nieder,RW,CAR,82,23,30,53,30,0,0,0,6,9,0,0,0,3,0,0,0,184,-4,53,0.6,5.85,5.25,
99,B. Nelson,C,NYI,82,25,28,53,28,0,6,1,2,6,1,0,1,3,0,2,0,181,20,53,0.6,8,6,
100,D. Brown,RW,LA,72,22,29,51,24,0,4,0,9,3,1,1,2,3,0,1,1,180,-17,53,0.7,5.5,5.88,
101,T. Krug,D,BOS,64,6,47,53,33,5,1,0,2,28,0,0,1,2,0,0,0,151,-2,53,0.8,5,5.25,
102,R. Smith,RW,VEG,74,19,34,53,14,0,0,0,4,10,1,3,0,1,0,1,0,178,13,53,0.7,5,5,
103,J. Willia,RW,CAR,82,23,30,53,44,0,2,0,9,5,0,0,0,5,0,0,0,237,-4,53,0.6,-,-,
104,J. Drouin,LW,MON,81,18,35,53,26,0,3,2,3,13,0,0,1,3,0,2,0,190,-8,53,0.7,5.5,5.5,
105,J. Thornt,C,SJ,73,16,35,51,20,0,0,0,3,12,0,0,0,4,0,1,1,90,8,53,0.7,2,2,
106,C. Kreide,LW,NYR,79,28,24,52,57,0,0,0,7,5,0,0,0,2,0,1,0,201,4,52,0.7,4,4.63,
107,E. Staal,C,MIN,81,22,30,52,34,0,0,0,7,8,0,1,0,6,0,0,0,215,-7,52,0.6,3.5,3.25,
108,F. Forsbe,LW,NAS,64,28,22,50,26,0,4,1,7,3,2,0,1,4,0,3,1,217,8,52,0.8,6,6,
109,J. van Ri,LW,PHI,66,27,21,48,18,0,3,0,8,5,0,0,0,4,0,1,2,167,-10,52,0.8,8,7,
110,A. Tuch,RW,VEG,74,20,32,52,8,0,2,1,3,3,0,0,1,6,0,1,0,180,13,52,0.7,4.75,4.75,
111,A. Lee,LW,NYI,82,28,23,51,58,10,0,0,10,6,0,0,0,5,0,2,0,204,20,51,0.6,9,7,
112,C. Soderb,C,ARI,82,23,26,49,26,0,1,1,2,8,3,0,0,2,0,3,1,188,-5,51,0.6,4,4.75,
113,K. Palmie,RW,NJ,74,27,23,50,42,0,6,2,11,7,0,0,0,2,0,0,0,224,-9,50,0.7,5,4.65,
114,V. Arvids,RW,NAS,58,34,14,48,26,0,0,0,3,1,2,1,0,7,0,4,1,195,12,50,0.9,4.25,4.25,
115,J. Trouba,D,NYR,82,8,42,50,58,0,0,0,3,15,1,2,1,1,0,1,0,162,8,50,0.6,12,8,
116,A. Mantha,RW,DET,67,25,23,48,30,10,0,0,7,6,0,0,1,1,0,1,1,198,-8,50,0.7,3.3,3.3,
117,T. Johnso,C,TB,80,29,18,47,28,0,1,0,1,7,1,0,0,4,0,3,1,163,15,49,0.6,5.5,5,
118,T. Bertuz,LW,DET,73,21,26,47,36,10,1,0,3,3,0,0,1,4,0,1,1,131,11,49,0.7,1.4,1.4,
119,T. Konecn,RW,PHI,82,24,25,49,40,10,1,0,4,4,0,0,1,3,0,1,0,182,-4,49,0.6,4,5.5,
120,A. Shaw,RW,CHI,63,19,28,47,71,5,0,0,3,3,0,0,0,3,0,0,1,135,17,49,0.8,3.25,3.9,
121,Y. Gourde,C,TB,80,22,26,48,66,20,0,0,5,4,1,1,1,5,0,2,0,130,9,48,0.6,6.3,5.17,
122,D. Perron,LW,STL,57,23,23,46,46,0,2,1,7,7,0,0,0,1,0,1,1,112,3,48,0.8,4.75,4,
123,C. Tierne,C,OTT,81,9,39,48,26,0,0,0,0,10,0,0,0,1,0,2,0,116,-22,48,0.6,2.98,2.94,
124,R. Getzla,C,ANA,67,14,34,48,58,10,3,1,1,10,0,0,1,2,0,1,0,133,-19,48,0.7,8.28,8.25,
125,N. Hischi,C,NJ,69,17,30,47,24,0,3,0,3,8,0,0,3,3,0,0,0,160,0,47,0.7,0.93,0.93,
126,J. Miller,C,VAN,75,13,34,47,30,0,2,2,4,16,0,0,0,4,0,0,0,108,8,47,0.6,6,5.25,
127,R. Suter,D,MIN,82,7,40,47,41,5,0,0,3,12,1,1,0,2,0,0,0,136,-8,47,0.6,9,7.54,
128,C. Keller,RW,ARI,82,14,33,47,24,0,4,0,1,18,0,0,0,5,0,0,0,200,-21,47,0.6,0.83,0.89,
129,J. Anderso,RW,CLB,82,27,20,47,60,10,0,0,3,4,2,1,0,5,0,4,0,230,25,47,0.6,2.1,1.85,
130,B. Saad,LW,CHI,80,23,24,47,12,0,0,0,5,1,3,0,0,3,0,2,0,195,-9,47,0.6,6.75,6,
131,M. Backlu,C,CAL,77,21,26,47,52,0,0,0,1,1,1,1,1,4,0,3,0,205,34,47,0.6,5.85,5.35,
132,J. Vrana,LW,WAS,82,24,23,47,27,5,1,1,1,3,0,0,0,4,0,0,0,161,20,47,0.6,3.7,3.35,
133,N. Kadri,C,COL,73,16,28,44,43,5,0,0,4,9,0,0,0,5,0,1,1,184,-2,46,0.6,4.5,4.5,
134,B. Connol,RW,FLA,81,22,24,46,24,0,0,0,1,1,0,0,0,5,0,0,0,139,13,46,0.6,3.5,3.5,
135,J. Petry,D,MON,82,13,33,46,28,0,0,0,3,8,0,1,2,4,0,1,0,172,-5,46,0.6,4,5.5,
136,T. Zajac,C,NJ,80,19,27,46,20,0,1,0,5,7,2,0,1,3,0,0,0,120,-25,46,0.6,5.75,5.75,
137,R. McDona,D,TB,82,9,37,46,34,0,0,0,0,3,0,3,0,1,0,2,0,128,38,46,0.6,8.4,6.75,
138,S. Jones,D,CLB,75,9,37,46,28,0,0,0,0,10,0,3,3,4,0,1,0,184,1,46,0.6,5.4,5.4,
139,R. Rakell,LW,ANA,69,18,25,43,27,0,4,1,6,7,0,0,1,2,0,0,1,194,-13,45,0.7,3.8,3.79,
140,D. Dought,D,LA,82,8,37,45,44,0,0,0,7,17,0,1,1,1,0,1,0,154,-34,45,0.5,12,11,
141,J. Klingb,D,DAL,64,10,35,45,12,0,2,0,5,15,0,0,0,5,0,0,0,153,6,45,0.7,5,4.25,
142,E. Karlss,D,SJ,53,3,42,45,22,0,0,0,2,18,0,0,0,1,0,0,0,169,6,45,0.8,14.5,11.5,
143,A. Johnss,LW,TOR,73,20,23,43,32,0,0,0,3,3,0,0,0,3,0,1,1,130,14,45,0.6,5,3.4,
144,B. Tkachu,LW,OTT,71,22,23,45,75,15,0,0,4,6,0,0,1,3,0,0,0,214,-10,45,0.6,0.93,0.93,
145,R. Dahlin,D,BUF,82,9,35,44,34,0,0,0,5,15,0,0,0,4,0,0,0,177,-13,44,0.5,0.93,0.93,
146,K. Kapane,RW,TOR,78,20,24,44,27,5,1,0,1,2,2,0,1,3,0,0,0,174,12,44,0.6,4.4,3.2,
147,Z. Werens,D,CLB,82,11,33,44,18,0,0,0,2,13,0,0,0,1,0,0,0,168,-12,44,0.5,4,5,
148,M. Ekholm,D,NAS,80,8,36,44,47,5,0,0,2,5,0,2,1,3,0,0,0,146,27,44,0.6,4,3.75,
149,J. Zucker,LW,MIN,81,21,21,42,28,0,4,1,7,7,0,0,1,5,0,1,1,214,-9,44,0.5,6.25,5.5,
150,O. Ekman-,D,ARI,81,14,30,44,52,0,0,0,5,14,1,2,0,2,0,1,0,176,-16,44,0.5,8,8.25,
151,J. Spurge,D,MIN,82,14,29,43,20,0,0,0,4,7,0,1,0,0,0,0,0,152,-1,43,0.5,5.5,5.19,
152,R. Ristol,D,BUF,78,5,38,43,38,0,0,0,1,16,0,0,1,2,0,0,0,182,-41,43,0.6,5.4,5.4,
153,J. Silfve,RW,ANA,73,24,19,43,28,0,2,0,3,8,2,1,1,4,0,2,0,163,-9,43,0.6,5.25,5.25,
154,A. Henriq,C,ANA,82,18,24,42,24,0,0,0,8,5,0,1,0,3,0,0,0,122,-5,42,0.5,5.83,5.83,
155,A. Killor,LW,TB,82,18,22,40,45,5,0,0,2,3,1,1,1,2,0,2,1,153,22,42,0.5,4.45,4.45,
156,P. Stastn,C,VEG,50,13,29,42,30,0,0,0,1,3,1,1,0,2,0,1,0,103,14,42,0.8,6.5,6.5,
157,B. Ryan,RW,OTT,78,15,27,42,35,5,1,0,7,9,0,0,0,1,0,1,0,160,-29,42,0.5,7.5,7.25,
158,J. DeBrus,LW,BOS,68,27,15,42,18,0,5,1,8,3,0,0,0,4,0,0,0,156,2,42,0.6,0.83,0.86,
159,A. Kerfoo,C,TOR,78,15,27,42,38,0,0,0,4,12,0,0,0,1,0,0,0,116,-9,42,0.5,5,3.5,
160,B. Little,C,WIN,82,15,26,41,26,0,1,0,4,3,0,2,1,5,0,0,0,126,-12,41,0.5,6.5,5.29,
161,Z. Hyman,LW,TOR,71,21,20,41,65,10,0,0,0,0,1,0,0,4,0,6,0,144,16,41,0.6,2.5,2.25,
162,A. Galche,C,PIT,72,19,22,41,34,0,6,3,9,12,0,0,1,4,0,1,0,159,-19,41,0.6,4.9,4.9,
163,R. Ellis,D,NAS,82,7,34,41,20,0,6,2,1,4,1,0,0,2,0,2,0,149,21,41,0.5,7.7,6.25,
164,C. Eakin,C,VEG,78,22,19,41,16,0,0,0,1,3,3,0,0,3,0,1,0,120,19,41,0.5,3.85,3.85,
165,V. Hinost,RW,ARI,72,16,23,39,14,0,4,2,3,2,0,0,0,3,0,2,1,152,-4,41,0.6,1.5,1.5,
166,N. Ehlers,LW,WIN,62,21,16,37,15,5,0,0,2,5,0,0,0,4,0,2,2,158,2,41,0.7,6.5,6,
167,D. Nurse,D,EDM,82,10,31,41,87,15,0,0,1,8,0,1,1,1,0,0,0,196,-5,41,0.5,3.2,3.2,
168,C. White,C,OTT,71,14,27,41,24,0,0,0,5,3,0,0,1,2,0,0,0,123,-24,41,0.6,4,4.75,
169,A. Pietra,D,STL,71,13,28,41,22,0,0,0,3,12,0,1,0,2,0,2,0,168,2,41,0.6,7.5,6.5,
170,M. Ferlan,LW,VAN,71,17,23,40,58,30,0,0,6,7,0,0,0,3,0,1,0,156,13,40,0.6,4.5,3.5,
171,D. Keith,D,CHI,82,6,34,40,70,5,0,0,0,3,0,1,1,1,0,0,0,141,13,40,0.5,3.5,5.54,
172,M. Pacior,LW,VEG,66,22,18,40,36,0,1,0,4,4,0,0,1,5,0,0,0,191,-13,40,0.6,10.5,7,
173,M. Zuccar,RW,MIN,48,12,28,40,24,0,5,2,3,12,0,0,0,1,0,0,0,104,-8,40,0.8,5,6,
174,B. Jenner,C,CLB,77,16,22,38,42,0,0,0,1,2,1,0,0,3,0,2,1,170,6,40,0.5,4,3.75,
175,T. Wilson,RW,WAS,63,22,18,40,128,30,0,0,3,2,2,0,0,2,0,2,0,130,11,40,0.6,4.5,5.17,
176,P. Hornqv,RW,PIT,69,18,19,37,26,0,0,0,6,6,0,0,0,2,0,0,1,197,-3,39,0.6,5.3,5.3,
177,A. Cirell,C,TB,82,19,20,39,34,10,1,0,0,1,5,1,1,5,0,2,0,123,25,39,0.5,0.7,0.73,
178,K. Fiala,LW,MIN,83,13,26,39,36,0,4,0,2,9,0,0,0,2,0,0,0,174,-23,39,0.5,2.5,3,
179,D. Hamilt,D,CAR,82,18,21,39,54,0,2,2,2,5,0,0,0,2,0,1,0,259,0,39,0.5,6,5.75,
180,F. Vatran,C,FLA,81,24,15,39,38,0,1,0,2,6,0,0,0,1,0,3,0,208,-10,39,0.5,2.53,2.53,
181,D. Severs,D,NJ,82,11,28,39,58,0,2,1,3,9,0,1,0,0,0,0,0,146,-27,39,0.5,4.68,4.17,
182,T. Bozak,C,STL,72,13,25,38,20,0,5,3,2,6,0,0,0,3,0,0,0,141,-3,38,0.5,5.25,5,
183,P. Buchne,RW,NYR,64,21,17,38,13,5,2,0,7,5,0,0,0,1,0,0,0,119,-10,38,0.6,3,3.25,
184,D. Ryan,C,CAL,81,13,25,38,24,0,0,0,2,5,0,4,0,1,0,1,0,103,21,38,0.5,3.13,3.13,
185,C. Smith,RW,NAS,76,21,17,38,20,0,1,0,4,4,0,0,0,2,0,0,0,205,11,38,0.5,4.75,4.25,
186,J. Schwar,LW,STL,69,11,25,36,16,0,0,0,2,3,0,0,0,1,0,2,1,183,-6,38,0.6,5.75,5.35,
187,A. Chiass,RW,EDM,73,22,16,38,32,0,3,1,8,7,1,1,0,1,0,0,0,123,-1,38,0.5,2.15,2.15,
188,J. Muzzin,D,TOR,80,9,28,37,47,5,0,0,1,4,0,1,0,1,0,0,0,141,21,37,0.5,4.45,4,
189,P. Marlea,LW,CAR,82,16,21,37,28,0,0,0,4,6,0,0,0,3,0,0,0,161,-6,37,0.5,-,-,
190,J. Eberle,RW,NYI,78,19,18,37,17,5,6,1,7,5,0,0,0,5,0,0,0,160,-6,37,0.5,5.5,5.5,
191,A. Anisim,C,OTT,78,15,22,37,14,0,0,0,1,3,1,0,0,1,0,0,0,142,-2,37,0.5,4,4.55,
192,A. Svechn,RW,CAR,82,20,17,37,62,0,0,0,0,5,0,0,1,3,0,4,0,189,0,37,0.5,0.93,0.93,
193,D. Kahun,LW,PIT,82,13,24,37,6,0,0,0,1,1,0,0,0,2,0,1,0,137,10,37,0.5,0.93,0.93,
194,B. Rust,RW,PIT,72,18,17,35,24,0,0,0,0,0,2,2,0,4,0,0,1,141,10,37,0.5,3.5,3.5,
195,S. Theodo,D,VEG,79,12,25,37,20,0,3,1,4,5,0,1,1,1,0,0,0,202,-4,37,0.5,5.2,5.2,
196,F. Nielse,C,DET,72,10,25,35,14,0,7,1,0,8,0,1,0,4,0,0,1,120,-7,37,0.5,5.5,5.25,
197,A. Ekblad,D,FLA,82,13,24,37,47,5,0,0,5,5,0,0,1,1,0,0,0,180,1,37,0.5,9,7.5,
198,J. Donsko,RW,COL,80,14,23,37,10,0,1,0,1,2,0,0,0,4,0,0,0,115,10,37,0.5,4.9,3.9,
199,R. Pulock,D,NYI,82,9,28,37,22,0,0,0,3,6,0,0,1,3,0,1,0,180,21,37,0.5,2.65,2,
200,T. Hall,LW,NJ,33,11,26,37,16,0,1,0,1,11,0,0,0,3,0,1,0,113,-6,37,1.1,6,6,
201,S. Gostis,D,PHI,78,9,28,37,22,0,0,0,4,10,0,0,1,2,0,0,0,180,-20,37,0.5,5.25,4.5,
202,L. Eller,C,WAS,81,13,23,36,37,5,1,0,0,3,1,2,1,1,0,2,0,163,-1,36,0.4,4,3.5,
203,O. Bjorks,RW,CLB,77,23,13,36,8,0,1,0,3,0,0,0,0,1,0,0,0,161,8,36,0.5,2.5,2.5,
204,B. Colema,C,NJ,78,22,14,36,71,5,3,1,3,0,3,2,0,3,0,4,0,213,-19,36,0.5,1.8,1.8,
205,T. Vanek,LW,DET,64,16,20,36,26,0,4,0,4,7,0,0,0,1,0,0,0,108,-12,36,0.6,-,-,
206,T. Sanhei,D,PHI,82,9,26,35,22,0,0,0,2,3,0,0,1,2,0,0,0,121,-4,35,0.4,3.25,3.25,
207,M. Boedke,LW,OTT,71,7,28,35,6,0,0,0,2,5,0,0,0,1,0,1,0,88,-23,35,0.5,3,4,
208,J. Faulk,D,CAR,82,11,24,35,47,5,0,0,6,4,0,0,0,3,0,1,0,217,9,35,0.4,6,4.83,
209,B. Montou,D,BUF,82,8,27,35,56,0,0,0,1,5,0,0,0,2,0,0,0,181,-20,35,0.4,3.53,3.39,
210,D. Stepan,C,ARI,72,15,20,35,14,0,0,0,1,2,3,0,1,3,0,1,0,195,-2,35,0.5,5,6.5,
211,R. Strome,C,NYR,81,19,16,35,64,10,0,0,4,3,0,0,2,2,0,2,0,110,-3,35,0.4,3.2,3.1,
212,J. Vesey,LW,BUF,81,17,18,35,21,5,3,1,1,3,0,0,0,4,0,1,0,154,-6,35,0.4,2.35,2.28,
213,J. McCann,LW,PIT,78,19,16,35,31,5,0,0,1,2,4,0,0,2,0,4,0,150,-1,35,0.4,1.25,1.25,
214,V. Dunn,D,STL,78,12,23,35,45,5,0,0,3,5,0,0,1,4,0,0,0,150,14,35,0.4,0.78,0.72,
215,N. Folign,LW,CLB,73,17,18,35,44,20,0,0,2,2,0,0,0,2,0,0,0,141,12,35,0.5,5.5,5.5,
216,N. Bonino,C,NAS,81,17,18,35,18,0,0,0,3,0,0,1,0,1,0,1,0,118,27,35,0.4,4.1,4.1,
217,A. Edler,D,VAN,56,10,24,34,54,0,1,0,4,13,0,1,2,2,0,0,0,128,3,34,0.6,7,6,
218,C. Coyle,C,BOS,81,12,22,34,20,0,1,1,1,3,1,0,0,2,0,0,0,155,-1,34,0.4,4.25,3.2,
219,J. Kotkan,C,MON,79,11,23,34,26,0,1,0,1,4,0,0,0,2,0,0,0,134,1,34,0.4,0.93,0.93,
220,I. Kovalc,LW,LA,64,16,18,34,10,0,5,4,4,5,0,0,1,1,0,1,0,141,-26,34,0.5,6,6.25,
221,V. Troche,C,FLA,55,10,24,34,54,0,5,2,3,10,1,0,0,1,0,1,0,158,-9,34,0.6,5.25,4.75,
222,O. Palat,LW,TB,64,8,26,34,20,0,0,0,2,6,0,0,0,1,0,1,0,100,4,34,0.5,5.3,5.3,
223,T. Toffol,RW,LA,82,13,21,34,23,5,1,1,3,2,0,0,2,3,0,2,0,226,-16,34,0.4,4.8,4.6,
224,C. Sheary,LW,BUF,78,14,20,34,12,0,3,1,4,2,0,0,1,3,0,1,0,147,-18,34,0.4,3,3,
225,M. Frolik,RW,CAL,65,16,18,34,26,0,0,0,0,0,2,0,0,4,0,3,0,132,24,34,0.5,3,4.3,
226,D. Heinen,C,BOS,77,11,23,34,16,0,3,0,1,6,0,0,0,2,0,0,0,114,13,34,0.4,2.83,2.8,
227,T. Brodie,D,CAL,79,9,25,34,24,0,0,0,1,3,1,0,1,1,0,1,0,102,29,34,0.4,4.84,4.65,
228,R. Thomas,C,STL,70,9,24,33,14,0,1,0,3,4,0,0,0,0,0,0,0,80,-2,33,0.5,0.93,0.89,
229,O. Lindbl,LW,PHI,81,17,16,33,20,0,0,0,2,1,0,0,0,2,0,2,0,162,-9,33,0.4,0.93,0.93,
230,A. Iafall,LW,LA,82,15,18,33,22,0,3,0,2,4,0,0,0,2,0,1,0,148,-17,33,0.4,2.4,2.43,
231,R. Panik,RW,WAS,75,14,19,33,44,0,1,0,0,2,1,0,1,2,0,1,0,140,-3,33,0.4,3.2,2.75,
232,J. Bratt,LW,NJ,51,8,25,33,6,0,2,0,1,7,0,0,0,1,0,0,0,91,-8,33,0.6,0.78,0.75,
233,M. Heiska,D,DAL,82,12,21,33,16,0,2,0,2,6,0,1,0,4,0,0,0,182,-14,33,0.4,0.93,0.89,
234,N. Hanifi,D,CAL,80,5,28,33,12,0,1,0,1,4,1,1,0,2,0,0,0,116,18,33,0.4,4.95,4.95,
235,A. Duclai,LW,OTT,74,19,14,33,14,0,1,0,7,1,0,0,0,3,0,1,0,132,-2,33,0.4,1.65,1.65,
236,J. Carter,C,LA,76,13,20,33,42,0,0,0,5,8,1,1,0,1,0,1,0,174,-20,33,0.4,3,5.27,
237,C. Cizika,C,NYI,73,20,13,33,36,0,0,0,0,0,2,1,0,3,0,3,0,111,22,33,0.5,3.75,3.35,
238,S. Weber,D,MON,58,14,19,33,28,0,0,0,5,1,0,0,0,3,0,0,0,166,15,33,0.6,6,7.86,
239,C. Sisson,C,NAS,75,15,15,30,23,5,0,0,1,1,0,1,1,3,0,2,1,110,20,32,0.4,3.45,2.86,
240,M. Sergac,D,TB,75,6,26,32,28,0,0,0,0,6,0,0,0,0,0,0,0,128,12,32,0.4,0.83,0.89,
241,M. Jankow,C,CAL,79,14,18,32,12,0,1,0,0,0,5,3,0,1,0,0,0,99,6,32,0.4,1.75,1.68,
242,S. Laught,C,PHI,82,12,20,32,53,5,0,0,0,0,0,2,0,1,0,2,0,130,-11,32,0.4,2.3,2.3,
243,E. Lindel,D,DAL,82,11,21,32,33,5,0,0,4,3,2,0,0,1,0,1,0,132,14,32,0.4,7,5.8,
244,J. Comphe,LW,COL,66,16,16,32,31,5,1,0,4,5,3,0,0,3,0,1,0,118,-8,32,0.5,3.4,3.5,
245,P. Byron,LW,MON,56,15,16,31,17,5,1,1,0,1,2,1,1,3,0,1,0,94,16,31,0.6,4,3.4,
246,J. Slavin,D,CAR,82,8,23,31,18,0,3,0,5,2,1,1,0,1,0,1,0,146,0,31,0.4,5.5,5.3,
247,P. Subban,D,NJ,63,9,22,31,60,0,0,0,2,8,1,0,0,1,0,0,0,168,5,31,0.5,10,9,
248,A. Lehkon,LW,MON,82,11,20,31,32,0,0,0,0,0,0,0,0,4,0,0,0,176,10,31,0.4,2.4,2.4,
249,A. Rousse,LW,VAN,65,9,22,31,118,10,1,0,0,0,0,0,0,1,0,0,0,84,5,31,0.5,3.8,3,
250,J. Morris,D,WIN,59,6,25,31,14,0,0,0,3,7,1,1,1,2,0,1,0,95,9,31,0.5,3.15,3.15,
251,V. Filppu,C,DET,72,17,14,31,16,0,3,0,0,0,1,0,1,4,0,1,0,78,19,31,0.4,3,3,
252,N. Patric,C,PHI,72,13,18,31,27,5,3,2,1,1,0,0,1,3,0,1,0,115,-8,31,0.4,0.93,0.93,
253,J. Pominv,RW,BUF,73,16,15,31,4,0,3,1,1,1,0,0,0,3,0,0,0,134,-4,31,0.4,-,-,
254,O. Sundqv,C,STL,74,14,17,31,22,0,0,0,0,1,1,1,0,2,0,1,0,113,-1,31,0.4,2.25,2.75,
255,T. Myers,D,VAN,80,9,22,31,63,5,0,0,0,7,1,1,0,3,0,1,0,156,11,31,0.4,7,6,
256,D. Byfugl,D,WIN,42,4,27,31,69,5,0,0,1,15,0,0,0,1,0,0,0,115,4,31,0.7,8,7.6,
257,N. Ritchi,LW,ANA,60,9,22,31,82,0,0,0,2,7,0,0,0,2,0,0,0,96,6,31,0.5,1.4,1.5,
258,V. Namest,C,NYR,78,11,20,31,44,0,0,0,1,2,2,3,0,3,0,1,0,119,-7,31,0.4,4,4,
259,M. Johans,LW,BUF,58,13,17,30,8,0,0,0,2,7,0,0,0,1,0,0,0,115,-16,30,0.5,5,4.5,
260,A. Beauvi,LW,NYI,81,18,10,28,8,0,1,0,1,1,0,0,0,4,0,0,1,156,1,30,0.4,1.8,2.1,
261,W. Simmon,RW,NJ,79,17,13,30,99,15,0,0,5,3,0,0,0,2,0,1,0,157,-16,30,0.4,5,5,
262,N. Schmid,D,VEG,61,9,21,30,8,0,0,0,1,7,0,0,0,1,0,3,0,112,22,30,0.5,6.8,5.95,
263,J. Gardin,D,CAR,62,3,27,30,26,0,0,0,0,5,0,0,0,0,0,0,0,78,19,30,0.5,3.65,4.05,
264,R. Faksa,C,DAL,81,15,15,30,54,10,0,0,1,2,1,1,0,1,0,2,0,114,-3,30,0.4,2.4,2.2,
265,M. Sorens,LW,SJ,80,17,13,30,23,5,0,0,0,0,1,1,0,1,0,0,0,100,10,30,0.4,1.5,1.5,
266,T. DeAnge,D,NYR,61,4,26,30,77,15,4,2,0,10,0,0,0,0,0,0,0,111,6,30,0.5,-,-,
267,W. Butche,D,NJ,78,4,26,30,18,0,0,0,1,13,0,0,0,1,0,0,0,108,-17,30,0.4,3.5,3.73,
268,M. Perrea,LW,WIN,82,15,15,30,44,0,1,0,4,3,0,0,0,3,0,0,0,95,-1,30,0.4,4,4.13,
269,E. Rodrig,C,BUF,74,9,20,29,25,5,0,0,2,2,0,3,0,1,0,0,0,168,-7,29,0.4,2,2,
270,B. Tanev,LW,PIT,80,14,15,29,41,10,0,0,0,0,2,1,0,0,0,1,0,127,9,29,0.4,3.5,3.5,
271,R. Murray,D,CLB,56,1,28,29,10,0,0,0,0,1,0,0,0,0,0,1,0,71,20,29,0.5,4.5,4.6,
272,D. Shore,LW,ANA,76,10,19,29,13,5,0,0,2,3,2,0,0,4,0,0,0,82,-12,29,0.4,2.4,2.3,
273,M. Koivu,C,MIN,48,8,21,29,22,0,1,0,2,10,0,1,0,0,0,2,0,89,-2,29,0.6,5,5.5,
274,B. Richar,C,ARI,66,19,8,27,22,0,0,0,0,0,3,3,0,3,0,1,1,128,6,29,0.4,1.4,1.25,
275,C. Brown,RW,OTT,82,8,21,29,16,0,0,0,0,1,0,3,0,0,0,1,0,85,11,29,0.4,2.1,2.1,
276,C. Miller,D,BUF,65,3,26,29,44,0,0,0,1,12,0,0,0,0,0,0,0,131,0,29,0.4,3.88,3.88,
277,L. Erikss,LW,VAN,81,11,18,29,22,0,0,0,1,2,0,0,0,2,0,2,0,107,-11,29,0.4,5,6,
278,B. Pesce,D,CAR,73,7,22,29,24,0,0,0,0,0,0,2,0,2,0,0,0,98,35,29,0.4,4.03,4.03,
279,D. Orlov,D,WAS,82,3,26,29,33,5,0,0,0,1,0,0,0,0,0,0,0,101,3,29,0.4,6.5,5.1,
280,K. Okposo,RW,BUF,78,14,15,29,41,5,1,0,7,4,0,0,0,2,0,0,0,147,-9,29,0.4,6,6,
281,C. McAvoy,D,BOS,54,7,21,28,45,5,1,0,1,1,0,1,1,3,0,0,0,79,14,28,0.5,3.7,4.9,
282,I. Barbas,C,STL,80,14,12,26,17,5,0,0,0,0,2,0,0,1,0,2,1,60,-4,28,0.3,1.48,1.48,
283,D. Simon,RW,PIT,71,8,20,28,18,0,0,0,1,2,0,0,0,0,0,0,0,121,8,28,0.4,0.75,0.75,
284,A. Kempe,C,LA,81,12,16,28,50,0,5,1,0,4,0,0,0,2,0,0,0,118,-10,28,0.3,1.25,2,
285,C. Jarnkr,C,NAS,79,10,16,26,12,0,1,0,1,1,1,0,0,1,0,0,1,106,13,28,0.4,2.2,2,
286,L. Wallma,C,CAR,81,10,18,28,36,0,0,0,2,5,0,0,0,4,0,1,0,131,-8,28,0.3,0.7,0.68,
287,P. Maroon,LW,TB,74,10,18,28,64,30,0,0,2,9,0,0,0,3,0,0,0,118,-3,28,0.4,0.9,0.9,
288,J. Staal,C,CAR,50,11,17,28,26,0,0,0,0,2,0,0,0,1,0,0,0,121,6,28,0.6,6,6,
289,H. Lindho,D,ANA,76,6,22,28,44,0,0,0,1,5,0,1,0,0,0,4,0,125,-5,28,0.4,5.25,5.21,
290,K. Shatte,D,TB,73,2,26,28,20,0,8,5,1,6,0,0,0,0,0,0,0,148,-15,28,0.4,1.75,1.75,
291,C. Parayk,D,STL,80,10,18,28,15,5,0,0,4,4,0,1,1,3,0,0,0,176,20,28,0.3,5.53,5.5,
292,Z. Smith,LW,CHI,70,9,19,28,81,15,0,0,0,0,1,2,0,1,0,1,0,101,-6,28,0.4,3.25,3.25,
293,O. Klefbo,D,EDM,61,5,23,28,16,0,0,0,1,10,0,0,1,2,0,0,0,167,-11,28,0.5,4.5,4.17,
294,B. Seabro,D,CHI,78,5,23,28,41,5,0,0,2,8,0,1,0,1,0,0,0,165,-6,28,0.4,7.5,6.88,
295,N. Cousin,C,MON,81,7,20,27,35,5,6,2,1,2,0,0,0,2,0,0,0,144,-8,27,0.3,1,1,
296,S. Girard,D,COL,82,4,23,27,6,0,0,0,0,9,0,0,0,0,0,0,0,116,8,27,0.3,0.7,0.73,
297,T. Pearso,LW,VAN,80,18,9,27,25,5,4,1,3,2,0,0,0,1,0,0,0,147,-15,27,0.3,3.85,3.75,
298,J. Martin,LW,CAR,82,15,10,25,38,0,0,0,0,0,1,0,0,5,0,3,1,146,1,27,0.3,2,2,
299,J. Spezza,C,TOR,76,8,19,27,29,5,1,0,2,10,0,0,0,1,0,0,0,121,-13,27,0.4,0.7,0.7,
300,W. Nyland,RW,TOR,54,7,20,27,16,0,1,0,1,5,0,0,0,0,0,0,0,130,-4,27,0.5,9,6.96,
301,A. Goligo,D,ARI,76,3,24,27,16,0,0,0,1,6,0,2,0,0,0,0,0,102,-7,27,0.4,5.8,5.48,
302,S. Bennet,C,CAL,71,13,14,27,93,25,0,0,4,2,0,0,0,2,0,0,0,115,-6,27,0.4,2.55,2.55,
303,C. Wilson,C,COL,65,12,15,27,8,0,0,0,5,2,0,0,0,2,0,0,0,104,-6,27,0.4,2.6,2.6,
304,N. Goldob,RW,VAN,63,7,20,27,18,0,5,0,1,8,0,1,0,1,0,0,0,105,-10,27,0.4,0.9,0.9,
305,M. Mathes,D,FLA,75,8,19,27,44,0,0,0,0,6,0,2,1,2,0,0,0,129,-24,27,0.4,3.5,4.88,
306,A. Steen,LW,STL,65,10,17,27,14,0,1,0,2,3,1,1,0,0,0,0,0,114,2,27,0.4,5.5,5.75,
307,B. Boyle,C,NAS,73,18,6,24,38,10,3,1,7,2,1,1,0,4,0,0,1,123,-14,26,0.4,-,-,
308,N. Bjugst,C,PIT,64,14,12,26,30,0,1,0,2,4,0,0,0,2,0,0,0,154,6,26,0.4,5,4.1,
309,B. McGinn,LW,CAR,82,10,16,26,20,0,3,1,0,0,1,0,0,0,0,2,0,123,10,26,0.3,1.9,2.1,
310,M. Green,D,DET,43,5,21,26,28,0,0,0,0,3,0,0,0,0,0,0,0,92,-1,26,0.6,5.25,5.38,
311,I. Provor,D,PHI,82,7,19,26,32,0,0,0,0,2,0,0,0,1,0,0,0,145,-16,26,0.3,6.75,6.75,
312,R. Hartma,RW,MIN,83,12,14,26,74,10,0,0,0,0,0,0,0,2,0,1,0,145,1,26,0.3,1.9,1.9,
313,M. Joseph,RW,TB,70,13,13,26,26,0,0,0,0,0,0,2,0,1,0,0,0,95,5,26,0.4,0.7,0.73,
314,L. Komaro,RW,NYI,82,6,20,26,42,0,1,0,0,0,0,0,0,1,0,1,0,78,18,26,0.3,3.5,3,
315,J. Roslov,C,WIN,77,9,15,24,4,0,1,0,5,2,0,0,0,0,0,0,1,74,-2,26,0.3,0.83,0.89,
316,M. Calver,LW,COL,82,11,15,26,58,30,0,0,1,1,0,2,0,0,0,1,0,141,-10,26,0.3,2.93,2.85,
317,C. Ceci,D,TOR,74,7,19,26,18,0,0,0,0,1,0,0,0,2,0,0,0,132,-22,26,0.4,4.5,4.5,
318,N. Pionk,D,WIN,73,6,20,26,35,15,0,0,2,11,0,1,0,1,0,0,0,132,-16,26,0.4,2.85,3,
319,T. Jost,C,COL,70,11,15,26,14,0,0,0,4,1,0,0,0,3,0,0,0,114,-2,26,0.4,0.83,0.89,
320,N. Leddy,D,NYI,82,4,22,26,18,0,0,0,0,10,0,0,0,0,0,0,0,116,0,26,0.3,6,5.5,
321,Z. Kassia,RW,EDM,79,15,11,26,102,20,0,0,0,0,1,0,0,3,0,2,0,111,-6,26,0.3,2,1.95,
322,N. Schmal,C,ARI,40,7,18,25,8,0,0,0,5,3,0,0,1,2,0,0,0,62,-12,25,0.6,3,5.85,
323,C. Fowler,D,ANA,59,5,18,23,20,0,0,0,1,5,0,1,1,2,0,0,1,88,-14,25,0.4,7.5,6.5,
324,M. Petter,D,PIT,84,2,23,25,66,20,0,0,1,4,0,1,0,0,0,0,0,87,17,25,0.3,0.87,0.87,
325,P. Aberg,LW,TOR,59,12,13,25,20,0,4,1,3,4,0,0,0,1,0,0,0,101,-14,25,0.4,0.7,0.7,
326,L. Crouse,LW,ARI,81,11,14,25,67,15,0,0,0,0,2,0,0,1,0,2,0,131,5,25,0.3,1,1.53,
327,A. Burako,LW,COL,76,12,13,25,14,0,0,0,1,0,0,0,0,4,0,0,0,100,2,25,0.3,3.25,3.25,
328,R. Donato,C,MIN,56,10,15,25,6,0,3,1,3,5,0,0,1,1,0,0,0,139,-15,25,0.4,1.9,1.9,
329,C. Mittel,C,BUF,77,12,13,25,10,0,5,2,3,7,0,0,0,1,0,0,0,118,-19,25,0.3,0.93,0.93,
330,J. Armia,RW,MON,57,13,10,23,14,0,1,1,2,4,1,0,0,2,0,3,1,134,0,25,0.4,2.8,2.6,
331,A. Greene,D,NJ,82,5,20,25,16,0,0,0,0,2,0,4,0,0,0,1,0,104,-9,25,0.3,5,5,
332,M. Kempny,D,WAS,71,6,19,25,60,0,0,0,0,0,0,0,0,3,0,0,0,111,24,25,0.4,2.7,2.5,
333,J. Virtan,RW,VAN,70,15,10,25,44,0,0,0,2,0,0,0,0,1,0,2,0,154,-4,25,0.4,1.5,1.25,
334,A. Wennbe,C,CLB,75,2,23,25,12,0,0,0,1,5,1,2,0,0,0,0,0,64,-1,25,0.3,5.35,4.9,
335,E. Johnso,D,COL,80,7,18,25,38,5,0,0,0,0,0,0,1,1,0,0,0,144,8,25,0.3,6,6,
336,A. Copp,C,WIN,69,11,14,25,6,0,0,0,0,0,1,0,0,2,0,1,0,82,20,25,0.4,2.26,2.28,
337,M. Janmar,C,DAL,81,6,19,25,24,0,1,0,0,1,0,1,0,0,0,0,0,105,-4,25,0.3,2.3,2.3,
338,B. Skjei,D,NYR,78,8,17,25,44,0,0,0,0,0,0,1,1,1,0,0,0,126,-4,25,0.3,5.4,5.25,
339,M. Vlasic,D,SJ,72,3,22,25,10,0,0,0,0,1,0,0,0,0,0,0,0,100,-6,25,0.3,7.25,7,
340,M. Niskan,D,PHI,80,8,17,25,41,5,0,0,1,1,0,1,1,1,0,0,0,143,-3,25,0.3,5.75,5.75,
341,P. Zacha,C,NJ,61,13,12,25,15,5,1,1,4,2,2,1,0,2,0,0,0,99,-6,25,0.4,1.75,2.25,
342,J. Leivo,LW,VAN,76,14,10,24,32,10,3,1,3,4,0,0,0,2,0,0,0,151,5,24,0.3,1.5,1.5,
343,K. Agosti,LW,TOR,63,6,18,24,34,5,1,0,0,5,0,0,0,0,0,0,0,79,-3,24,0.4,0.7,0.7,
344,J. Greenw,LW,MIN,81,12,12,24,29,5,0,0,0,0,0,0,0,0,0,1,0,109,-12,24,0.3,0.93,0.92,
345,D. Savard,D,CLB,82,8,16,24,36,0,0,0,0,0,0,0,0,1,0,0,0,124,19,24,0.3,5,4.25,
346,M. Wood,LW,NJ,63,10,14,24,91,10,0,0,1,2,0,0,0,1,0,1,0,159,-10,24,0.4,2.5,2.75,
347,D. Sprong,RW,ANA,63,14,9,23,10,0,1,1,2,3,0,0,1,3,0,0,0,125,-16,23,0.4,0.75,0.75,
348,T. Steche,D,VAN,78,2,21,23,32,0,0,0,0,2,1,0,0,0,0,1,0,105,9,23,0.3,2.33,2.33,
349,M. Nieto,LW,COL,64,4,19,23,8,0,0,0,0,0,1,2,0,1,0,0,0,86,2,23,0.4,1.98,1.98,
350,B. Leipsi,LW,WAS,62,7,16,23,24,0,1,0,1,3,0,0,0,1,0,0,0,92,-14,23,0.4,0.7,0.7,
351,R. Hainse,D,OTT,81,5,18,23,21,5,0,0,0,0,1,0,0,0,0,1,0,81,30,23,0.3,3.5,3.5,
352,D. Caggiu,LW,CHI,55,12,11,23,28,10,0,0,0,0,1,0,0,2,0,1,0,96,-5,23,0.4,1.5,1.5,
353,D. Brassa,C,NYI,70,14,9,23,39,0,1,0,2,3,0,0,0,0,0,2,0,110,-19,23,0.3,1.2,1.2,
354,F. Chytil,C,NYR,75,11,12,23,8,0,2,0,3,4,0,0,0,2,0,1,0,133,-22,23,0.3,0.93,0.89,
355,B. Howden,C,NYR,66,6,17,23,14,0,0,0,0,2,0,0,0,1,0,0,0,74,-16,23,0.3,0.83,0.86,
356,F. Hronek,D,DET,46,5,18,23,30,0,0,0,1,4,0,1,0,0,0,0,0,73,-10,23,0.5,0.7,0.71,
357,B. Perlin,LW,CHI,68,14,7,21,28,0,0,0,2,2,0,0,0,0,0,1,1,117,-17,23,0.3,0.87,0.87,
358,C. Clutte,RW,NYI,73,8,15,23,44,0,0,0,3,0,0,1,0,2,0,2,0,95,6,23,0.3,3.5,3.5,
359,K. Turris,C,NAS,55,7,16,23,33,5,5,1,4,2,0,0,1,1,0,0,0,78,-6,23,0.4,6,6,
360,B. Dumoul,D,PIT,76,3,20,23,20,0,0,0,0,0,0,4,0,0,0,0,0,99,31,23,0.3,4.1,4.1,
361,B. Coburn,D,TB,74,4,19,23,34,0,0,0,0,0,0,0,0,0,0,0,0,113,4,23,0.3,1.8,1.7,
362,A. Lowry,C,WIN,78,12,11,23,33,15,0,0,0,0,1,2,0,3,0,0,0,105,6,23,0.3,2.75,2.92,
363,L. Glende,C,DET,78,10,13,23,15,5,0,0,0,0,1,2,0,1,0,0,0,102,2,23,0.3,1.7,1.8,
364,N. Dowd,C,WAS,64,8,14,22,20,0,0,0,0,0,0,1,0,3,0,0,0,47,10,22,0.3,0.7,0.75,
365,J. Archib,RW,EDM,68,12,10,22,15,5,0,0,0,0,0,1,0,1,0,3,0,92,1,22,0.3,1,1,
366,R. Hintz,LW,DAL,58,9,13,22,24,0,2,0,3,3,0,0,1,3,0,0,0,99,-11,22,0.4,0.93,0.81,
367,D. Demelo,D,OTT,77,4,18,22,32,0,0,0,0,3,0,1,0,0,0,0,0,109,-1,22,0.3,0.9,0.9,
368,J. Dickin,C,DAL,67,6,16,22,23,5,0,0,0,0,0,0,2,2,0,0,0,94,9,22,0.3,1.5,1.5,
369,M. Granlu,LW,EDM,77,12,10,22,20,0,8,3,2,1,0,1,0,1,0,2,0,123,-4,22,0.3,1.3,1.3,
370,M. Dumba,D,MIN,32,12,10,22,21,5,0,0,6,6,0,0,0,1,0,0,0,93,-5,22,0.7,7.4,6,
371,J. Benn,D,VAN,81,5,17,22,39,5,0,0,0,0,0,0,0,1,0,2,0,93,15,22,0.3,2.4,2,
372,B. Dillon,D,SJ,82,1,21,22,61,5,0,0,0,0,1,0,0,0,0,0,0,71,19,22,0.3,3.9,3.27,
373,O. Kase,RW,ANA,30,11,9,20,2,0,1,0,1,3,0,0,0,2,0,0,1,94,0,22,0.7,2.6,2.6,
374,M. Nutiva,D,CLB,80,5,16,21,6,0,0,0,0,0,0,0,0,1,0,0,0,99,3,21,0.3,2.5,2.7,
375,S. Kuraly,C,BOS,71,8,13,21,38,10,0,0,0,0,0,0,1,3,0,2,0,134,6,21,0.3,1.48,1.28,
376,A. Pelech,D,NYI,78,5,16,21,24,0,0,0,0,0,0,0,0,0,0,0,0,110,22,21,0.3,1.93,1.6,
377,A. Wagner,LW,LA,62,12,9,21,16,0,0,0,0,0,0,0,0,0,0,0,0,67,2,21,0.3,0.79,0.76,
378,J. Weal,C,MON,63,8,13,21,18,0,2,1,2,4,0,0,0,1,0,2,0,75,-8,21,0.3,1.3,1.4,
379,T. Brouwe,RW,FLA,75,12,9,21,47,15,0,0,0,0,1,0,0,1,0,1,0,86,-6,21,0.3,-,-,
380,K. Cliffo,LW,LA,72,11,10,21,96,30,0,0,1,0,0,0,0,2,0,1,0,115,4,21,0.3,1.9,1.6,
381,B. Hutton,D,VAN,69,5,15,20,43,5,0,0,1,7,0,1,0,1,0,1,0,114,-23,20,0.3,-,-,
382,T. Boyd,C,WAS,53,5,15,20,6,0,0,0,0,2,0,0,0,1,0,0,0,35,6,20,0.4,0.8,0.8,
383,D. Backes,RW,BOS,70,7,13,20,31,15,2,1,2,5,0,0,0,1,0,0,0,129,0,20,0.3,4,6,
384,T. Ennis,RW,OTT,51,12,6,18,2,0,1,0,2,3,0,0,0,1,0,0,1,81,-6,20,0.4,0.8,0.8,
385,D. DeKeys,D,DET,52,5,15,20,39,5,0,0,0,0,0,0,1,3,0,0,0,59,2,20,0.4,5.5,5,
386,R. Gudas,D,WAS,77,4,16,20,63,15,0,0,0,0,0,0,0,0,0,0,0,136,6,20,0.3,2.5,3.35,
387,O. Lindbe,LW,OTT,55,9,11,20,28,0,1,0,0,1,0,0,0,0,0,0,0,91,4,20,0.4,-,-,
388,Z. Sanfor,LW,STL,60,8,12,20,21,0,0,0,0,1,0,0,0,2,0,0,0,77,8,20,0.3,1.5,1.5,
389,C. Fische,RW,ARI,71,11,7,18,27,5,0,0,0,0,0,0,0,0,0,0,1,116,-13,20,0.3,0.83,0.82,
390,R. Hagg,D,PHI,82,5,15,20,63,0,0,0,0,0,0,0,0,1,0,1,0,86,-3,20,0.2,1.3,1.15,
391,J. Oester,D,ARI,71,6,14,20,12,0,0,0,3,4,0,0,0,0,0,0,0,77,-3,20,0.3,1.2,1.4,
392,C. Rowney,C,ANA,62,7,13,20,12,0,0,0,0,0,1,0,0,0,0,1,0,53,0,20,0.3,1,1.13,
393,A. Erne,LW,DET,65,7,13,20,40,10,0,0,2,0,0,0,0,3,0,0,0,70,10,20,0.3,1.05,1.05,
394,A. Larsso,D,EDM,82,3,17,20,44,0,0,0,0,0,0,1,0,0,0,0,0,117,-28,20,0.2,5.05,4.17,
395,N. Jensen,D,WAS,80,2,18,20,21,5,0,0,0,0,0,1,0,0,0,0,0,94,4,20,0.3,3,2.5,
396,J. Fast,RW,NYR,66,8,12,20,26,0,0,0,0,0,0,0,0,1,0,0,0,80,-3,20,0.3,1.95,1.85,
397,B. Chiaro,D,MON,78,5,15,20,62,0,0,0,0,0,0,1,0,1,0,0,0,111,6,20,0.3,3.5,3.5,
398,J. Chychr,D,ARI,53,5,15,20,28,0,0,0,3,5,0,0,0,0,0,0,0,117,-12,20,0.4,2.6,4.6,
399,R. Reaves,RW,VEG,80,9,11,20,74,15,0,0,3,0,0,0,0,2,0,0,0,95,1,20,0.3,2.78,2.78,
400,M. Lucic,LW,CAL,79,6,14,20,91,10,0,0,2,2,0,0,0,0,0,0,0,74,-9,20,0.3,6,6,
401,M. Cullen,C,PIT,71,7,13,20,14,0,0,0,0,0,2,2,0,2,0,0,0,87,6,20,0.3,-,-,
402,M. Paajar,LW,OTT,80,11,8,19,6,0,0,0,0,0,1,1,0,1,0,2,0,119,-14,19,0.2,-,-,
403,C. Wagner,RW,BOS,76,12,7,19,51,15,0,0,0,0,0,0,0,1,0,1,0,135,3,19,0.3,1.25,1.25,
404,J. Boychu,D,NYI,74,3,16,19,25,5,0,0,1,2,0,1,0,1,0,0,0,157,10,19,0.3,6,6,
405,C. Hageli,LW,WAS,58,5,14,19,30,0,0,0,0,0,0,0,0,2,0,0,0,99,7,19,0.3,3.5,2.75,
406,T. Hamoni,D,CAL,69,7,12,19,33,5,0,0,0,0,1,2,0,1,0,0,0,128,21,19,0.3,4.88,3.86,
407,M. Folign,LW,MIN,82,7,12,19,55,25,0,0,0,1,0,1,0,0,0,0,0,91,-1,19,0.2,3.5,2.88,
408,J. Abdelk,LW,DET,71,6,13,19,38,10,2,0,1,1,1,0,0,0,0,1,0,95,-14,19,0.3,4.75,4.25,
409,D. Kampf,C,CHI,63,4,15,19,14,0,0,0,0,0,0,0,0,0,0,0,0,72,-6,19,0.3,1,1,
410,J. Neal,RW,EDM,63,7,12,19,28,0,3,0,2,4,0,0,0,1,0,0,0,141,-5,19,0.3,5.75,5.75,
411,B. Gibbon,LW,CAR,64,8,11,19,20,0,0,0,0,0,0,0,0,0,0,0,0,50,-5,19,0.3,0.73,0.73,
412,G. Hathaw,RW,WAS,76,11,8,19,56,10,0,0,0,0,2,0,0,5,0,1,0,77,14,19,0.3,2,1.5,
413,S. Mayfie,D,NYI,79,4,15,19,68,20,0,0,0,0,1,0,0,0,0,1,0,104,18,19,0.2,1.2,1.45,
414,Z. Bogosi,D,BUF,65,3,16,19,52,20,0,0,0,1,1,0,0,0,0,0,0,93,-5,19,0.3,6,5.14,
415,R. Anders,D,CAL,79,2,17,19,23,5,0,0,0,2,0,0,0,0,0,0,0,115,17,19,0.2,0.78,0.76,
416,R. Sheaha,C,EDM,82,9,10,19,17,5,0,0,0,0,1,1,0,2,0,1,0,110,-9,19,0.2,0.9,0.9,
417,J. Brodin,D,MIN,82,4,14,18,30,0,0,0,0,1,1,0,0,2,0,1,0,111,-15,18,0.2,4.75,4.17,
418,J. Khaira,C,EDM,60,3,15,18,43,10,1,0,0,0,1,1,0,0,0,0,0,64,-12,18,0.3,1.1,1.2,
419,M. Grzelc,D,BOS,66,3,15,18,68,5,0,0,1,5,0,0,0,0,0,0,0,90,9,18,0.3,1.4,1.4,
420,Z. Girgen,LW,BUF,72,5,13,18,17,5,0,0,0,0,0,0,0,0,0,0,0,78,-11,18,0.3,1.6,1.6,
421,A. Watson,LW,NAS,37,7,9,16,39,25,0,0,1,0,0,0,0,1,0,2,1,64,11,18,0.5,1.2,1.1,
422,D. Toews,D,NYI,48,5,13,18,4,0,0,0,1,3,0,0,1,2,0,0,0,81,7,18,0.4,0.75,0.7,
423,C. Garlan,RW,ARI,47,13,5,18,12,0,1,1,4,2,0,0,0,2,0,0,0,118,1,18,0.4,0.75,0.78,
424,B. Pirri,C,VEG,31,12,6,18,6,0,2,0,3,1,0,0,0,3,0,0,0,82,7,18,0.6,0.78,0.78,
425,B. Comeau,LW,DAL,77,7,11,18,42,0,0,0,0,0,0,0,0,2,0,0,0,102,-7,18,0.2,2.6,2.4,
426,A. Czarni,C,CAL,54,6,12,18,8,0,0,0,0,3,0,0,0,3,0,1,0,65,-1,18,0.3,1.25,1.25,
427,M. Rasmus,C,DET,62,8,10,18,29,5,1,0,4,0,0,0,0,0,0,0,0,74,-8,18,0.3,0.93,0.89,
428,H. Borgst,C,FLA,50,8,10,18,4,0,0,0,3,4,0,0,0,0,0,0,0,54,-14,18,0.4,0.93,0.93,
429,M. Raffl,RW,PHI,67,6,12,18,32,0,0,0,0,0,1,0,0,1,0,1,0,65,-1,18,0.3,1.8,1.6,
430,R. Carpen,C,CHI,68,5,13,18,8,0,0,0,0,0,1,1,0,0,0,1,0,102,-6,18,0.3,1,1,
431,A. Martin,D,LA,60,4,14,18,8,0,0,0,0,2,0,0,0,2,0,0,0,78,-2,18,0.3,4.15,4,
432,D. Helm,LW,DET,61,7,10,17,20,0,0,0,0,0,1,3,0,0,0,0,0,107,-11,17,0.3,3,3.85,
433,B. Lemieu,LW,NYR,63,12,5,17,108,30,0,0,0,0,0,0,0,1,0,0,0,67,6,17,0.3,0.93,0.93,
434,T. Nosek,LW,VEG,68,8,9,17,18,0,0,0,0,0,1,0,0,1,0,0,0,116,-10,17,0.3,1,1,
435,A. Stralm,D,FLA,47,2,15,17,8,0,0,0,0,1,0,0,0,0,0,0,0,57,12,17,0.4,5.5,5.5,
436,L. Kunin,C,MIN,49,6,11,17,27,5,1,0,0,1,0,0,0,1,0,0,0,88,-9,17,0.3,0.93,0.93,
437,S. Andrig,RW,COL,64,7,10,17,14,0,1,0,0,0,0,0,0,1,0,0,0,95,10,17,0.3,-,-,
438,M. Bennin,D,EDM,70,5,12,17,33,5,0,0,0,1,0,1,0,0,0,0,0,94,11,17,0.2,2,1.9,
439,B. Goodro,RW,SJ,82,7,10,17,76,30,0,0,0,0,1,0,0,3,0,0,0,84,4,17,0.2,1,0.93,
440,A. Coglia,C,DAL,78,6,11,17,22,0,0,0,1,0,0,0,0,1,0,0,0,106,1,17,0.2,3.25,3.25,
441,B. Kulak,D,MON,57,6,11,17,31,5,0,0,0,0,1,0,0,3,0,0,0,102,12,17,0.3,1.95,1.85,
442,J. Bouwme,D,STL,78,3,14,17,40,0,0,0,0,0,0,0,0,1,0,0,0,82,-3,17,0.2,3.25,3.25,
443,R. Callah,RW,OTT,52,7,10,17,14,0,0,0,1,0,0,1,0,3,0,1,0,76,7,17,0.3,4.7,5.8,
444,C. Paquet,C,TB,80,13,4,17,80,10,0,0,0,0,2,0,0,1,0,0,0,87,7,17,0.2,1.65,1.65,
445,T. Dermot,D,TOR,64,4,13,17,22,0,0,0,0,0,0,0,0,0,0,0,0,98,-5,17,0.3,0.83,0.86,
446,S. Vatane,D,NJ,50,4,13,17,22,0,0,0,3,2,0,0,0,0,0,0,0,107,-17,17,0.3,4.5,4.88,
447,Z. Aston-,LW,PIT,43,8,9,17,26,10,0,0,0,0,1,0,0,1,0,1,0,76,12,17,0.4,1,1,
448,S. Harrin,D,CLB,73,2,15,17,23,5,0,0,0,0,0,0,0,0,0,0,0,54,6,17,0.2,1.6,1.63,
449,T. Motte,C,VAN,74,9,7,16,10,0,0,0,0,0,2,0,0,1,0,2,0,114,-12,16,0.2,0.98,0.98,
450,D. Cholow,D,DET,52,7,9,16,16,0,0,0,4,5,0,0,0,1,0,0,0,71,-20,16,0.3,0.93,0.89,
451,M. Grabne,LW,ARI,41,9,7,16,8,0,0,0,0,0,6,3,1,1,0,0,0,65,-2,16,0.4,3.78,3.35,
452,J. Manson,D,ANA,74,3,13,16,62,10,0,0,0,0,0,1,0,0,0,0,0,96,-8,16,0.2,4.25,4.1,
453,M. Karlss,C,SJ,79,12,4,16,26,0,0,0,0,0,0,0,0,2,0,2,0,79,-1,16,0.2,2,2,
454,K. Russel,D,EDM,72,3,13,16,27,5,0,0,0,0,0,1,0,0,0,0,0,63,5,16,0.2,4,4,
455,A. Biega,D,VAN,41,2,14,16,22,0,0,0,0,1,0,0,0,0,0,0,0,91,0,16,0.4,0.7,0.83,
456,E. Cernak,D,TB,58,5,11,16,58,10,0,0,1,0,0,0,0,1,0,0,0,107,25,16,0.3,0.7,0.7,
457,J. Braun,D,PHI,78,2,14,16,35,5,0,0,0,1,0,0,0,0,0,0,0,105,-14,16,0.2,3.8,3.8,
458,D. Malgin,C,FLA,50,7,9,16,14,0,0,0,0,1,0,0,0,0,0,0,0,66,-10,16,0.3,0.75,0.75,
459,B. McNabb,D,VEG,81,4,12,16,52,0,0,0,0,0,0,1,0,1,0,1,0,84,11,16,0.2,2.5,2.5,
460,J. Merril,D,VEG,57,3,12,15,53,5,0,0,0,0,1,0,0,0,0,0,0,72,16,15,0.3,1.48,1.38,
461,C. Scevio,C,FLA,59,5,10,15,15,5,0,0,0,1,0,0,0,0,0,1,0,116,-2,15,0.3,1.2,1.2,
462,J. Schult,D,PIT,29,2,13,15,4,0,0,0,1,5,0,0,0,0,0,0,0,47,0,15,0.5,6,5.5,
463,P. Bellem,C,COL,76,6,9,15,6,0,0,0,0,0,2,0,0,0,0,1,0,108,2,15,0.2,2.15,1.8,
464,M. Weegar,D,FLA,64,4,11,15,64,20,0,0,0,1,0,0,0,2,0,0,0,79,-3,15,0.2,1.6,1.6,
465,E. Fehr,C,MIN,72,7,8,15,30,0,0,0,0,0,0,1,0,0,0,2,0,67,-8,15,0.2,-,-,
466,W. Foegel,LW,CAR,77,10,5,15,20,0,0,0,0,0,0,0,0,3,0,0,0,106,-17,15,0.2,0.78,0.75,
467,I. Cole,D,COL,71,2,13,15,115,20,0,0,0,0,0,0,0,0,0,1,0,82,-1,15,0.2,4.75,4.25,
468,M. Lajoie,D,OTT,56,7,8,15,20,0,0,0,4,4,0,0,0,0,0,0,0,79,-25,15,0.3,0.7,0.71,
469,N. Holden,D,VEG,61,3,12,15,14,0,0,0,0,0,0,2,0,0,0,0,0,77,5,15,0.2,1.8,2.2,
470,T. van Ri,D,CAR,78,3,11,14,10,0,0,0,0,0,0,0,0,1,0,0,0,102,-4,14,0.2,2.5,2.3,
471,M. Martin,LW,NYI,67,6,8,14,53,15,0,0,0,0,0,0,0,1,0,1,0,62,5,14,0.2,1.75,2.5,
472,C. de Haa,D,CHI,74,1,13,14,20,0,0,0,0,0,0,0,0,1,0,0,0,102,1,14,0.2,4.7,4.55,
473,J. Larsso,C,BUF,73,6,8,14,37,5,0,0,0,0,1,0,0,0,0,0,0,79,-8,14,0.2,1.55,1.55,
474,D. Grant,C,ANA,56,4,10,14,14,0,0,0,0,0,0,1,0,1,0,0,0,74,-6,14,0.3,0.7,-,
475,R. Balcer,LW,OTT,36,5,9,14,10,0,0,0,3,1,0,0,0,1,0,0,0,48,-7,14,0.4,0.79,0.76,
476,J. McCabe,D,BUF,59,4,10,14,35,5,0,0,0,0,1,0,0,0,0,0,0,64,-4,14,0.2,2.85,2.85,
477,B. Dubins,C,CLB,61,6,8,14,36,10,0,0,0,0,0,1,0,0,0,1,0,63,-16,14,0.2,5.85,5.85,
478,O. Maatta,D,CHI,60,1,13,14,12,0,0,0,1,3,0,0,0,1,0,0,0,74,9,14,0.2,4.08,4.08,
479,S. Baerts,LW,VAN,26,9,5,14,6,0,0,0,3,4,0,0,0,0,0,0,0,43,-9,14,0.5,3.7,3.37,
480,N. Zaitse,D,OTT,81,3,11,14,18,0,0,0,0,0,0,0,0,0,0,0,0,71,2,14,0.2,4.5,4.5,
481,N. Acciar,C,FLA,72,6,8,14,47,15,0,0,0,0,0,0,0,2,0,0,0,99,-3,14,0.2,2,1.67,
482,D. Forbor,D,LA,81,2,12,14,52,0,0,0,0,0,0,0,0,1,0,0,0,75,-13,14,0.2,2.8,2.53,
483,F. Gauthi,C,TOR,70,3,11,14,12,0,0,0,0,0,0,0,0,0,0,0,0,46,3,14,0.2,0.7,0.68,
484,N. Zadoro,D,COL,70,7,7,14,75,15,0,0,0,0,0,0,0,0,0,0,0,100,19,14,0.2,3.2,3.2,
485,Z. Chara,D,BOS,62,5,9,14,57,15,0,0,1,2,0,0,0,2,0,1,0,99,22,14,0.2,2,2,
486,J. Erikss,C,MIN,58,7,7,14,20,0,0,0,0,0,0,0,0,2,0,0,0,111,-7,14,0.2,1.45,1.49,
487,D. Staffo,RW,MIN,57,5,8,13,18,0,6,2,1,1,0,0,0,0,0,0,0,77,-7,13,0.2,-,-,
488,N. Thomps,C,MON,78,5,8,13,17,5,0,0,0,0,0,0,0,0,0,1,0,71,-1,13,0.2,1,1,
489,R. Grimal,RW,NAS,53,5,8,13,10,0,0,0,0,0,0,0,0,0,0,0,0,81,-2,13,0.2,1,1,
490,J. Johnso,D,PIT,82,1,12,13,41,5,0,0,1,1,0,2,0,0,0,0,0,86,-4,13,0.2,4,3.25,
491,V. Mete,D,MON,71,0,13,13,6,0,0,0,0,0,0,0,0,0,0,0,0,65,17,13,0.2,0.76,0.75,
492,S. Steel,C,ANA,22,6,5,11,8,0,1,0,0,2,1,0,0,0,0,0,1,33,2,13,0.6,0.83,0.86,
493,M. Amadio,C,LA,43,6,7,13,6,0,0,0,0,0,0,0,0,0,0,0,0,37,-1,13,0.3,0.7,0.7,
494,A. Mangia,LW,CAL,44,8,5,13,12,0,1,0,0,0,0,0,0,1,0,0,0,65,11,13,0.3,0.72,0.72,
495,M. Staal,D,NYR,79,3,10,13,32,0,0,0,0,0,0,0,0,0,0,0,0,84,-9,13,0.2,5,5.7,
496,M. Scande,D,BUF,63,6,7,13,26,0,0,0,0,0,0,1,0,1,0,0,0,83,-13,13,0.2,4.75,4,
497,C. Murphy,D,CHI,52,5,8,13,40,0,0,0,0,0,0,0,0,1,0,0,0,84,12,13,0.3,4.4,3.85,
498,T. Terry,RW,ANA,32,4,9,13,2,0,3,1,2,4,0,0,0,0,0,0,0,25,8,13,0.4,0.93,0.93,
499,B. Seney,LW,NJ,51,5,8,13,31,5,0,0,0,1,0,0,0,0,0,0,0,49,-14,13,0.3,0.78,0.76,
500,J. Moore,D,BOS,61,4,9,13,26,0,0,0,2,1,0,0,0,1,0,0,0,97,0,13,0.2,3.25,2.75,
501,B. Smith,D,NYR,63,4,9,13,71,15,0,0,0,0,0,1,0,0,0,0,0,66,-7,13,0.2,4.53,4.35,
502,V. Sobotk,C,BUF,69,5,8,13,26,0,1,0,0,0,0,1,0,0,0,0,0,71,-20,13,0.2,3,3.5,
503,T. Heed,D,SJ,37,2,11,13,10,0,0,0,1,2,0,0,0,0,0,0,0,41,9,13,0.4,0.96,0.96,
504,J. Beagle,C,VAN,57,3,10,13,18,0,0,0,0,0,1,0,0,0,0,1,0,45,-8,13,0.2,3.2,3,
505,S. Gagner,RW,EDM,32,6,7,13,14,0,3,1,1,0,0,0,0,1,0,0,0,68,-6,13,0.4,3.2,3.15,
506,P. Lindho,C,BOS,65,1,12,13,18,0,0,0,0,0,0,0,0,0,0,0,0,65,5,13,0.2,0.85,0.85,
507,R. Nash,C,CLB,78,3,9,12,19,5,0,0,0,0,0,0,0,1,0,1,0,79,-8,12,0.2,2.75,2.75,
508,H. Jokiha,D,BUF,38,0,12,12,16,0,0,0,0,1,0,0,0,0,0,0,0,62,-7,12,0.3,0.93,0.93,
509,M. Kruger,C,CHI,74,4,8,12,30,0,0,0,0,0,0,1,0,2,0,0,0,74,-2,12,0.2,-,-,
510,J. Nordst,C,BOS,70,7,5,12,13,5,0,0,0,0,0,0,1,3,0,0,0,103,0,12,0.2,1.1,1,
511,J. Hawryl,C,FLA,42,7,5,12,16,0,0,0,0,1,0,0,0,0,0,0,0,35,-8,12,0.3,0.87,0.87,
512,C. Tanev,D,VAN,55,2,10,12,18,0,0,0,0,0,0,0,0,0,0,0,0,51,3,12,0.2,5.25,4.45,
513,T. Lewis,C,LA,44,3,9,12,9,5,0,0,0,0,0,0,0,1,0,0,0,87,-9,12,0.3,2,2,
514,N. Beauli,D,WIN,48,3,9,12,39,15,0,0,0,1,0,0,0,0,0,0,0,60,6,12,0.3,1,1,
515,J. Oleksi,D,DAL,57,4,8,12,45,15,0,0,0,0,0,0,0,0,0,0,0,55,5,12,0.2,1.96,2.14,
516,T. Thomps,RW,BUF,65,7,5,12,20,0,3,1,1,0,0,0,0,0,0,0,0,108,-22,12,0.2,0.93,0.93,
517,T. Pitlic,C,PHI,47,8,4,12,6,0,0,0,1,0,0,0,0,1,0,0,0,75,-2,12,0.3,1,1,
518,C. Wolani,D,OTT,30,4,8,12,6,0,0,0,0,3,0,0,0,1,0,0,0,36,3,12,0.4,0.8,0.9,
519,D. Poulio,D,STL,62,3,9,12,30,0,0,0,1,0,0,0,1,1,0,0,0,58,-1,12,0.2,0.7,0.7,
520,D. Engell,D,VEG,74,2,10,12,18,0,0,0,0,0,0,0,0,1,0,0,0,105,-3,12,0.2,0.7,0.7,
521,A. Gaudet,C,VAN,56,5,7,12,18,0,0,0,0,2,0,0,0,1,0,0,0,55,-8,12,0.2,0.93,0.92,
522,J. Pageau,C,OTT,39,4,8,12,14,0,0,0,0,0,0,0,0,0,0,0,0,83,-12,12,0.3,3.4,3.1,
523,K. Sherwo,RW,ANA,50,6,6,12,8,0,0,0,0,0,0,0,0,1,0,0,0,60,1,12,0.2,0.93,0.93,
524,B. Hunt,D,MIN,42,5,7,12,8,0,0,0,4,4,0,0,0,1,0,0,0,75,-2,12,0.3,0.7,0.7,
525,C. Stephe,C,WAS,64,5,6,11,0,0,0,0,0,0,1,0,0,0,0,0,0,36,-13,11,0.2,1.05,1.05,
526,M. Muelle,D,NJ,53,1,10,11,17,5,0,0,0,0,0,0,0,0,0,0,0,39,-3,11,0.2,1.4,1.4,
527,C. Carric,D,NJ,34,2,9,11,19,5,0,0,0,1,0,0,0,1,0,0,0,42,-13,11,0.3,1.5,1.5,
528,T. Fedun,D,DAL,54,4,7,11,14,0,0,0,0,2,0,1,0,0,0,0,0,86,2,11,0.2,0.7,0.74,
529,L. Radil,C,SJ,36,7,4,11,6,0,0,0,0,0,0,0,0,2,0,1,0,40,7,11,0.3,0.7,0.7,
530,T. Rieder,RW,CAL,67,0,11,11,8,0,0,0,0,2,0,0,0,0,0,0,0,92,-8,11,0.2,-,-,
531,A. Ladd,LW,NYI,26,3,8,11,16,0,0,0,0,0,0,1,0,0,0,0,0,34,3,11,0.4,5,5.5,
532,J. Edmund,D,STL,64,2,9,11,68,10,0,0,0,0,0,0,0,1,0,0,0,102,8,11,0.2,3.1,3.1,
533,T. Rattie,RW,EDM,50,4,7,11,4,0,1,0,0,1,0,0,0,1,0,0,0,84,-2,11,0.2,-,-,
534,M. Pysyk,D,FLA,70,1,10,11,26,0,0,0,0,0,0,1,0,0,0,0,0,64,-1,11,0.2,3.5,2.73,
535,D. Weise,RW,MON,51,5,6,11,19,5,0,0,0,0,1,0,0,1,0,0,0,58,-8,11,0.2,1.75,2.35,
536,M. Reilly,D,MON,57,3,8,11,16,0,0,0,1,0,0,0,0,1,0,0,0,101,0,11,0.2,1.5,1.5,
537,G. McKegg,C,NYR,41,6,5,11,8,0,0,0,0,0,0,0,0,1,0,0,0,27,-2,11,0.3,0.75,0.75,
538,M. Luff,RW,LA,33,8,3,11,9,5,0,0,1,0,0,0,0,2,0,1,0,45,-2,11,0.3,0.7,0.68,
539,N. Hjalma,D,ARI,82,0,10,10,44,0,0,0,0,0,0,2,0,0,0,0,0,57,8,10,0.1,6,5,
540,C. Perry,RW,DAL,31,6,4,10,27,5,0,0,2,2,0,0,0,1,0,0,0,59,-16,10,0.3,1.5,1.5,
541,M. Applet,C,WIN,36,3,7,10,4,0,0,0,0,0,0,0,0,1,0,0,0,29,9,10,0.3,0.78,0.74,
542,B. Carlo,D,BOS,72,2,8,10,47,5,0,0,0,0,0,2,0,0,0,0,0,116,22,10,0.1,-,-,
543,T. Bluege,C,PIT,28,6,4,10,15,5,0,0,0,0,1,2,0,1,0,0,0,33,7,10,0.4,0.75,0.75,
544,M. Peca,C,MON,39,3,7,10,4,0,0,0,0,0,0,1,0,0,0,0,0,35,-14,10,0.3,1.3,1.3,
545,D. Hunt,LW,FLA,31,3,7,10,8,0,0,0,0,0,0,0,0,0,0,1,0,53,0,10,0.3,0.72,0.72,
546,C. Kunitz,LW,CHI,56,5,5,10,23,0,0,0,0,0,0,0,0,1,0,0,0,44,-7,10,0.2,-,-,
547,V. Nichus,RW,COL,57,0,10,10,0,0,0,0,0,0,0,0,0,0,0,0,0,65,-4,10,0.2,0.85,0.85,
548,B. Nieves,C,NYR,43,4,6,10,8,0,0,0,0,0,0,0,0,1,0,0,0,34,-4,10,0.2,0.7,0.7,
549,T. Schall,C,VAN,47,3,7,10,9,5,0,0,0,0,0,0,0,0,0,0,0,44,-2,10,0.2,1.9,1.9,
550,R. Bortuz,D,STL,59,2,8,10,47,5,0,0,0,0,0,1,0,0,0,0,0,75,9,10,0.2,1.38,1.38,
551,M. Bowey,D,DET,50,2,8,10,46,10,0,0,0,0,0,0,0,1,0,0,0,48,-1,10,0.2,1,1,
552,C. Jaros,D,OTT,61,1,9,10,27,5,0,0,0,2,0,0,0,0,0,0,0,65,-14,10,0.2,0.81,0.76,
553,M. Del Zo,D,ANA,42,1,9,10,8,0,0,0,0,0,0,0,0,0,0,0,0,45,-2,10,0.2,0.75,0.75,
554,E. Gudbra,D,PIT,76,2,8,10,87,15,0,0,0,0,0,1,0,1,0,0,0,94,-20,10,0.1,4.5,4,
555,K. Rooney,C,NJ,41,6,4,10,15,5,0,0,0,0,1,0,0,1,0,0,0,39,-4,10,0.2,0.7,0.7,
556,S. Walker,D,LA,39,3,7,10,8,0,0,0,1,0,0,0,0,0,0,0,0,55,-8,10,0.3,0.77,0.75,
557,P. Nemeth,D,DET,74,1,9,10,53,5,0,0,0,0,0,1,0,0,0,0,0,57,5,10,0.1,3.2,3,
558,C. Djoos,D,WAS,45,1,9,10,4,0,0,0,0,0,0,0,0,0,0,0,0,33,9,10,0.2,1.25,1.25,
559,B. Orpik,D,WAS,53,2,7,9,32,10,0,0,0,0,0,0,0,0,0,0,0,43,8,9,0.2,-,-,
560,J. Forsba,C,BOS,28,3,6,9,2,0,0,0,0,1,0,0,0,0,0,0,0,21,1,9,0.3,-,-,
561,V. Rask,C,MIN,49,3,6,9,8,0,1,0,0,2,0,0,0,0,0,0,0,55,-4,9,0.2,4,4,
562,W. Carrie,LW,VEG,54,8,1,9,29,5,0,0,0,0,0,0,0,1,0,0,0,85,-4,9,0.2,0.73,0.73,
563,T. Kuhnha,RW,NYI,36,4,5,9,10,0,0,0,0,0,0,1,0,0,0,0,0,30,1,9,0.3,0.85,0.85,
564,M. Kempe,RW,LA,52,4,5,9,18,0,0,0,0,0,0,0,0,0,0,0,0,57,5,9,0.2,0.7,0.7,
565,J. Puljuj,RW,EDM,46,4,5,9,16,0,0,0,0,1,0,0,0,0,0,0,0,53,-14,9,0.2,-,-,
566,R. Polak,D,DAL,77,1,8,9,69,5,0,0,0,0,0,0,0,0,0,0,0,77,6,9,0.1,1.75,1.75,
567,G. Forsli,D,CAR,43,3,6,9,30,0,0,0,0,0,0,0,0,0,0,0,0,57,-9,9,0.2,0.87,0.87,
568,J. De La ,C,DET,60,3,6,9,16,0,0,0,0,0,0,0,0,0,0,0,0,55,-13,9,0.2,0.95,0.9,
569,A. MacDon,D,CAL,47,0,9,9,18,0,0,0,0,0,0,2,0,0,0,0,0,41,-5,9,0.2,-,-,
570,D. Bather,RW,OTT,20,3,6,9,6,0,0,0,2,1,0,0,0,2,0,0,0,18,-2,9,0.4,0.78,0.74,
571,R. Simek,D,SJ,41,1,8,9,8,0,0,0,0,0,0,0,0,1,0,0,0,41,7,9,0.2,0.7,0.68,
572,C. Ehn,C,DET,60,3,6,9,6,0,0,0,0,0,1,0,0,1,0,0,0,49,-5,9,0.2,0.79,0.76,
573,R. Spoone,C,VAN,52,3,6,9,2,0,3,0,0,1,0,0,0,1,0,0,0,67,-12,9,0.2,-,-,
574,K. Brodzi,C,EDM,70,6,3,9,33,5,0,0,0,0,1,0,0,2,0,0,0,74,-14,9,0.1,1.2,1.15,
575,J. Demers,D,ARI,35,2,6,8,12,0,0,0,0,1,0,0,0,2,0,0,0,39,9,8,0.2,3.6,4.5,
576,A. Suomel,C,SJ,27,3,5,8,4,0,0,0,0,0,0,0,0,0,0,0,0,42,1,8,0.3,0.7,0.7,
577,K. Connau,D,COL,50,1,7,8,22,0,0,0,0,0,0,2,0,0,0,0,0,76,-2,8,0.2,1.5,1.38,
578,B. Kisele,D,WIN,32,0,8,8,12,0,0,0,0,0,0,0,0,0,0,0,0,14,-3,8,0.3,-,-,
579,G. Wilson,LW,TOR,50,2,6,8,18,10,0,0,0,0,0,0,0,0,0,0,0,54,2,8,0.2,0.73,0.73,
580,S. Maenal,RW,CAR,34,4,4,8,20,0,0,0,0,0,0,0,0,0,0,0,0,36,0,8,0.2,-,-,
581,T. Moore,LW,TOR,25,2,6,8,2,0,0,0,0,0,0,0,0,0,0,0,0,26,1,8,0.3,0.75,0.78,
582,D. Smith-,RW,CAL,54,4,4,8,15,5,0,0,0,0,0,0,0,0,0,0,0,60,-6,8,0.1,-,-,
583,D. Sikura,RW,CHI,33,0,8,8,0,0,0,0,0,0,0,0,0,0,0,0,0,52,2,8,0.2,0.7,0.75,
584,J. Rutta,D,TB,37,2,6,8,16,0,0,0,0,0,0,0,0,0,0,0,0,42,4,8,0.2,1.3,1.3,
585,T. Daley,D,DET,44,2,6,8,12,0,0,0,0,0,1,0,0,1,0,1,0,47,-3,8,0.2,2.2,3.17,
586,O. Kyling,D,CAL,38,3,5,8,10,0,0,0,0,0,0,0,0,1,0,0,0,21,3,8,0.2,0.75,0.73,
587,D. Jaskin,RW,WAS,37,2,6,8,6,0,0,0,0,0,0,0,0,0,0,0,0,48,-5,8,0.2,-,-,
588,C. Cave,C,EDM,53,3,5,8,16,0,0,0,0,0,0,0,0,1,0,0,0,58,-5,8,0.2,0.7,0.68,
589,S. Noesen,RW,DAL,41,3,5,8,28,0,1,0,0,0,0,0,0,0,0,1,0,64,-19,8,0.2,-,-,
590,G. Bourqu,LW,WIN,55,2,6,8,10,0,0,0,0,0,0,1,0,1,0,1,0,34,3,8,0.1,0.7,0.7,
591,J. Brown,RW,MIN,56,3,5,8,29,5,0,0,0,0,0,0,0,0,0,1,0,56,0,8,0.1,0.7,0.69,
592,Y. Weber,D,NAS,62,2,6,8,18,0,0,0,0,0,0,0,0,0,0,0,0,67,7,8,0.1,0.7,0.68,
593,R. Kesler,C,ANA,60,5,3,8,44,10,0,0,1,2,0,0,0,1,0,0,0,86,-19,8,0.1,6.68,6.88,
594,T. Hirose,LW,DET,10,1,6,7,2,0,0,0,0,1,0,0,0,1,0,0,0,15,0,7,0.7,0.93,0.93,
595,P. Varone,C,MON,47,3,4,7,8,0,0,0,0,0,0,0,0,0,0,0,0,34,-2,7,0.1,0.7,0.7,
596,M. Irwin,D,NAS,44,1,6,7,38,10,0,0,0,0,0,0,0,0,0,0,0,50,5,7,0.2,0.7,0.68,
597,M. Dal Co,LW,NYI,28,3,4,7,2,0,0,0,0,0,0,0,0,2,0,0,0,34,3,7,0.3,0.7,0.7,
598,C. Dvorak,C,ARI,20,2,5,7,2,0,0,0,1,0,0,0,0,1,0,0,0,25,-2,7,0.3,3.25,4.45,
599,E. Haula,C,CAR,15,2,5,7,10,0,2,1,0,1,0,0,0,0,0,0,0,26,1,7,0.5,2.75,2.75,
600,M. Hannik,LW,CLB,44,4,3,7,2,0,0,0,0,0,0,0,0,1,0,0,0,52,-5,7,0.2,0.75,0.75,
601,J. Morrow,D,NYR,41,1,6,7,20,10,0,0,0,0,0,0,0,0,0,0,0,40,0,7,0.2,-,-,
602,N. Seeler,D,MIN,71,2,5,7,64,20,0,0,0,0,0,0,0,1,0,0,0,67,-4,7,0.1,0.75,0.73,
603,I. Ozhiga,D,TOR,53,3,4,7,14,0,0,0,0,0,0,0,0,0,0,0,0,43,0,7,0.1,-,-,
604,G. Patery,D,MIN,80,1,6,7,41,5,0,0,0,0,0,0,0,0,0,0,0,100,-11,7,0.1,2.25,2.25,
605,C. Widema,D,ANA,25,2,5,7,18,0,0,0,0,1,0,0,0,1,0,0,0,27,-12,7,0.3,0.7,0.7,
606,M. Saloma,RW,NAS,37,3,4,7,8,0,0,0,0,0,0,0,0,0,0,2,0,51,5,7,0.2,0.75,0.75,
607,J. McGinn,LW,CAR,19,4,3,7,6,0,0,0,1,0,0,0,0,1,0,0,0,23,-5,7,0.4,-,-,
608,M. Comtoi,LW,ANA,10,2,5,7,7,5,0,0,0,0,0,0,0,1,0,0,0,9,3,7,0.7,0.79,0.82,
609,C. Gunnar,D,STL,25,3,4,7,6,0,0,0,0,0,0,1,0,1,0,0,0,21,8,7,0.3,1.75,1.75,
610,E. Yakovl,D,NJ,25,2,5,7,6,0,0,0,0,0,0,0,0,0,0,0,0,24,-6,7,0.3,-,-,
611,J. Anders,RW,NJ,34,4,3,7,6,0,0,0,0,0,1,0,0,1,0,2,0,49,-7,7,0.2,0.93,0.93,
612,K. Miller,D,BOS,39,0,7,7,35,15,0,0,0,0,0,0,0,0,0,0,0,32,8,7,0.2,2.5,2.5,
613,J. Ryan,D,LA,44,0,7,7,15,5,0,0,0,0,0,0,0,0,0,0,0,35,-1,7,0.2,0.73,0.73,
614,A. McQuai,D,CLB,50,3,4,7,42,10,0,0,0,0,0,1,0,1,0,0,0,28,2,7,0.1,-,-,
615,C. Dahlst,D,CHI,38,0,6,6,6,0,0,0,0,0,0,1,0,0,0,0,0,42,9,6,0.2,0.8,0.85,
616,C. Nelson,D,BUF,38,1,5,6,13,5,0,0,0,0,0,0,0,0,0,0,0,37,1,6,0.2,0.83,0.81,
617,L. Sedlak,C,CLB,47,4,2,6,10,0,0,0,0,0,0,0,0,0,0,0,0,43,-5,6,0.1,-,-,
618,L. Pilut,D,BUF,33,1,5,6,20,0,0,0,0,0,0,0,0,0,0,0,0,37,-8,6,0.2,0.93,0.93,
619,B. Sutter,C,VAN,26,4,2,6,6,0,0,0,1,0,1,0,0,0,0,0,0,43,-12,6,0.2,4.5,4.38,
620,C. Jones,D,EDM,17,1,5,6,6,0,0,0,0,1,0,0,0,0,0,0,0,21,-9,6,0.4,0.7,0.72,
621,B. Ritchi,RW,BOS,53,4,2,6,57,10,0,0,1,0,0,0,0,2,0,0,0,57,-7,6,0.1,1,1,
622,S. Koekko,D,CHI,31,2,4,6,14,0,0,0,0,0,0,0,0,0,0,0,0,36,4,6,0.2,0.93,0.93,
623,F. Claess,D,CAR,37,2,4,6,9,5,0,0,0,0,0,1,0,0,0,0,0,44,3,6,0.2,-,-,
624,M. Haley,C,NYR,43,2,4,6,75,25,0,0,0,0,0,0,0,0,0,1,0,34,-2,6,0.1,-,-,
625,R. Fabbri,C,STL,32,2,4,6,6,0,0,0,0,0,0,0,0,1,0,0,0,43,-4,6,0.2,0.9,0.9,
626,D. Phaneu,D,LA,67,1,5,6,53,15,0,0,0,0,0,0,0,0,0,0,0,80,-21,6,0.1,-,-,
627,P. Cehlar,LW,BOS,20,4,2,6,6,0,1,0,1,0,0,0,0,1,0,0,0,30,3,6,0.3,0.7,0.7,
628,D. Kuliko,D,WIN,57,0,6,6,47,5,0,0,0,0,0,0,0,0,0,0,0,40,4,6,0.1,4.33,4.33,
629,C. Folin,D,MON,45,0,6,6,27,5,0,0,0,0,0,0,0,0,0,0,0,47,6,6,0.1,0.8,0.8,
630,L. Anders,C,NYR,42,2,4,6,29,5,0,0,0,0,1,0,0,0,0,0,0,41,-13,6,0.1,0.93,0.89,
631,M. Frk,RW,LA,30,1,5,6,4,0,0,0,1,0,0,0,0,0,0,0,0,28,-9,6,0.2,0.7,0.7,
632,M. Roy,D,LA,25,2,4,6,8,0,0,0,0,0,0,0,0,1,0,0,0,34,-1,6,0.2,0.7,0.7,
633,J. Lammik,RW,FLA,40,0,6,6,6,0,0,0,0,0,0,1,0,0,0,0,0,39,-7,6,0.2,-,-,
634,S. Kampfe,D,BOS,35,3,3,6,22,0,0,0,1,1,0,0,0,0,0,0,0,40,-6,6,0.2,0.8,0.8,
635,A. Fortin,LW,CHI,24,3,3,6,2,0,0,0,0,0,1,0,0,1,0,0,0,29,-6,6,0.3,0.7,0.71,
636,C. Grunds,RW,LA,15,5,1,6,6,0,0,0,0,1,0,0,0,1,0,0,0,26,-4,6,0.4,0.93,0.93,
637,S. Dries,C,COL,40,3,3,6,26,0,0,0,0,0,1,0,0,0,0,0,0,44,-7,6,0.2,0.74,0.74,
638,J. Dea,C,BUF,23,4,2,6,8,0,0,0,0,0,0,0,0,1,0,0,0,29,0,6,0.3,0.7,0.7,
639,J. Currie,C,EDM,21,2,3,5,2,0,0,0,0,0,0,0,0,0,0,0,0,19,2,5,0.2,0.7,0.69,
640,M. Stone,D,CAL,14,0,5,5,10,0,0,0,0,0,0,0,0,0,0,0,0,12,0,5,0.4,0.7,0.7,
641,B. Harpur,D,TOR,51,1,4,5,56,30,0,0,0,0,0,0,0,0,0,0,0,50,-13,5,0.1,0.8,0.73,
642,C. Hudon,LW,MON,32,3,2,5,16,0,0,0,0,1,0,0,0,0,0,0,0,50,-9,5,0.2,0.8,0.8,
643,R. Poehli,C,MON,1,3,0,3,0,0,1,1,0,0,0,0,0,0,0,0,1,3,3,5,5,0.93,0.93,
644,N. Deslau,LW,ANA,48,2,3,5,22,10,0,0,0,0,1,0,0,0,0,0,0,48,-12,5,0.1,0.95,0.95,
645,J. Larsso,D,ANA,49,0,5,5,16,0,0,0,0,0,0,0,0,0,0,0,0,57,-4,5,0.1,0.83,0.89,
646,V. Kamene,C,COL,23,2,3,5,10,0,0,0,1,0,1,0,0,0,0,0,0,22,-2,5,0.2,0.75,0.75,
647,A. Quine,C,CAL,13,3,2,5,6,0,0,0,1,0,0,0,0,0,0,0,0,11,0,5,0.4,0.74,0.74,
648,M. MacEac,LW,STL,29,3,2,5,10,0,0,0,0,0,0,0,0,1,0,0,0,33,0,5,0.2,0.75,0.75,
649,M. Marinc,D,TOR,24,1,4,5,12,0,0,0,0,0,0,0,0,0,0,0,0,34,-4,5,0.2,0.7,0.7,
650,J. Ericss,D,DET,52,3,2,5,35,5,0,0,0,0,0,0,0,1,0,0,0,48,-10,5,0.1,4.25,4.25,
651,B. Street,C,NJ,21,3,2,5,2,0,0,0,0,0,0,0,0,0,0,0,0,19,-4,5,0.2,0.75,0.75,
652,D. Dube,C,CAL,25,1,4,5,4,0,0,0,0,0,0,0,0,0,0,0,0,22,2,5,0.2,0.79,0.78,
653,V. Zykov,LW,VEG,28,2,3,5,2,0,0,0,0,2,0,0,0,0,0,0,0,29,-5,5,0.2,0.7,0.68,
654,M. Chaput,C,ARI,32,0,5,5,14,0,0,0,0,0,0,0,0,0,0,0,0,31,-4,5,0.2,0.7,0.68,
655,N. Juulse,D,MON,21,1,4,5,6,0,0,0,0,0,0,0,0,0,0,0,0,22,5,5,0.2,0.83,0.86,
656,R. Graves,D,COL,26,3,2,5,2,0,0,0,0,0,0,0,0,0,0,0,0,26,4,5,0.2,0.74,0.74,
657,D. Hamhui,D,NAS,57,0,5,5,28,0,0,0,0,0,0,0,0,0,0,0,0,39,-2,5,0.1,1,1.25,
658,K. Kuhlma,C,BOS,11,3,2,5,2,0,0,0,0,0,0,0,0,1,0,0,0,15,5,5,0.5,0.78,0.75,
659,J. Mahura,D,ANA,17,1,4,5,4,0,0,0,0,3,0,0,0,0,0,0,0,20,0,5,0.3,0.79,0.75,
660,D. Kukan,D,CLB,25,0,5,5,6,0,0,0,0,0,0,0,0,0,0,0,0,16,6,5,0.2,0.75,0.73,
661,J. Hayden,RW,NJ,54,3,2,5,27,15,0,0,0,0,0,0,0,0,0,0,0,42,-12,5,0.1,0.8,0.75,
662,M. Borowi,D,OTT,53,1,4,5,89,30,0,0,0,0,0,0,0,0,0,0,0,59,-12,5,0.1,1.2,1.2,
663,P. LaDue,D,LA,33,2,3,5,12,0,0,0,0,0,0,0,0,1,0,0,0,33,0,5,0.2,0.85,0.83,
664,M. Jones,LW,ANA,30,2,3,5,14,0,0,0,0,1,0,0,0,1,0,0,0,58,-1,5,0.2,0.83,0.86,
665,G. Bayreu,D,DAL,19,2,3,5,10,0,0,0,0,2,0,0,0,0,0,1,0,25,2,5,0.3,0.7,0.7,
666,J. Riikol,D,PIT,37,2,3,5,10,0,0,0,2,0,0,0,0,1,0,0,0,43,3,5,0.1,0.85,0.85,
667,T. Hyka,RW,VEG,17,1,3,4,2,0,0,0,0,2,0,0,0,0,0,0,0,22,-2,4,0.2,-,-,
668,A. Nyland,LW,CHI,12,2,2,4,4,0,0,0,1,0,0,0,0,0,0,0,0,16,-4,4,0.3,0.83,0.86,
669,S. Blais,LW,STL,32,2,2,4,6,0,1,1,0,0,0,0,0,0,0,0,0,27,-1,4,0.1,0.85,0.85,
670,V. Olofss,LW,BUF,6,2,2,4,2,0,0,0,2,0,0,0,0,0,0,0,0,21,1,4,0.7,0.79,0.77,
671,D. Gurian,RW,DAL,21,1,3,4,0,0,0,0,0,1,0,0,0,0,0,0,0,23,-3,4,0.2,0.83,0.89,
672,S. Niku,D,WIN,30,1,3,4,2,0,0,0,0,0,0,0,0,0,0,0,0,19,0,4,0.1,0.84,0.78,
673,T. Hickey,D,NYI,40,0,4,4,33,5,0,0,0,0,0,1,0,0,0,0,0,47,5,4,0.1,2.5,2.5,
674,A. Sekera,D,DAL,24,0,4,4,6,0,0,0,0,1,0,0,0,0,0,0,0,28,3,4,0.2,1.5,1.5,
675,K. Gabrie,RW,PHI,22,2,2,4,59,20,0,0,0,0,0,0,0,1,0,0,0,7,0,4,0.2,0.7,0.7,
676,M. Veronn,RW,OTT,12,2,2,4,0,0,0,0,1,0,0,0,0,0,0,0,0,15,-5,4,0.3,0.93,0.93,
677,J. Megna,D,VEG,28,1,3,4,12,0,0,0,0,0,0,0,0,0,0,0,0,31,-1,4,0.1,0.7,0.7,
678,O. Fanten,D,VAN,61,2,2,4,17,5,0,0,0,0,0,0,0,0,0,0,0,70,3,4,0.1,0.85,0.85,
679,J. Honka,D,DAL,29,0,4,4,10,0,0,0,0,0,0,0,0,0,0,0,0,38,-2,4,0.1,-,-,
680,C. Brickl,LW,NYR,14,1,3,4,9,5,0,0,0,0,0,0,0,0,0,0,0,18,3,4,0.3,-,-,
681,A. Martin,LW,ANA,24,1,3,4,14,0,0,0,0,0,0,0,0,0,0,0,0,21,-5,4,0.2,0.75,0.75,
682,P. Di Giu,LW,NYR,24,1,3,4,8,0,1,0,0,0,0,0,0,0,0,0,0,31,-3,4,0.2,0.7,0.7,
683,K. Holzer,D,ANA,22,1,3,4,8,0,0,0,0,0,0,0,0,0,0,0,0,15,5,4,0.2,0.85,-,
684,C. Knight,C,PHI,23,1,3,4,0,0,0,0,0,0,0,0,0,0,0,0,0,15,-5,4,0.2,-,-,
685,J. Siegen,D,WAS,26,0,4,4,10,0,0,0,0,0,0,0,0,0,0,0,0,12,6,4,0.2,0.75,0.71,
686,B. Mannin,D,EDM,39,2,2,4,25,15,0,0,0,0,0,0,0,0,0,0,0,33,-15,4,0.1,2,2.25,
687,A. Welins,D,PHI,26,1,3,4,8,0,0,0,0,0,0,0,0,0,0,0,0,32,-5,4,0.2,0.75,0.75,
688,S. Santin,D,NAS,39,1,3,4,16,0,0,0,0,0,0,0,0,0,0,0,0,41,-6,4,0.1,1.5,1.42,
689,F. Gaudre,C,NAS,55,3,1,4,2,0,0,0,0,0,0,0,0,1,0,0,0,43,1,4,0.1,0.7,0.67,
690,P. Berglu,C,BUF,23,2,2,4,6,0,0,0,0,0,0,0,0,0,0,1,0,25,-5,4,0.2,4.5,3.85,
691,R. Johnst,LW,NYI,17,1,3,4,23,15,0,0,0,0,0,0,0,0,0,0,0,12,3,4,0.2,1,1,
692,I. Lyubus,D,ARI,41,0,4,4,13,5,0,0,0,0,0,0,0,0,0,0,0,27,-9,4,0.1,0.87,0.87,
693,A. Bjork,LW,BOS,20,1,2,3,2,0,0,0,0,0,0,0,0,0,0,0,0,18,-1,3,0.2,0.93,0.93,
694,V. Lettie,C,NYR,27,1,2,3,14,0,0,0,1,1,0,0,0,0,0,0,0,40,-7,3,0.1,0.7,0.7,
695,J. Gambar,C,EDM,15,0,3,3,2,0,0,0,0,0,0,0,0,0,0,0,0,7,2,3,0.2,0.7,0.7,
696,N. Bastia,RW,NJ,7,3,0,3,10,10,0,0,0,0,0,0,0,0,0,0,0,13,0,3,0.4,0.7,0.71,
697,J. Kyrou,C,STL,16,1,2,3,4,0,0,0,0,0,0,0,0,0,0,0,0,16,-1,3,0.2,0.7,0.76,
698,J. Valima,D,CAL,24,1,2,3,12,0,0,0,0,0,0,0,0,1,0,0,0,28,-2,3,0.1,0.93,0.89,
699,M. McLeod,C,NJ,21,0,3,3,13,5,0,0,0,0,0,0,0,0,0,0,0,21,-8,3,0.1,0.83,0.86,
700,F. Zadina,RW,DET,9,1,2,3,0,0,0,0,1,1,0,0,0,0,0,0,0,18,-5,3,0.3,0.93,0.89,
701,J. Brodzi,LW,SJ,13,2,1,3,2,0,0,0,0,0,0,0,0,0,0,0,0,17,0,3,0.2,0.7,0.7,
702,Q. Hughes,D,VAN,5,0,3,3,2,0,2,0,0,2,0,0,0,0,0,0,0,6,0,3,0.6,0.93,0.92,
703,G. Smith,C,TB,17,2,1,3,0,0,0,0,0,0,0,0,0,0,0,0,0,14,-4,3,0.2,0.7,0.7,
704,B. Gaunce,C,BOS,3,1,2,3,0,0,0,0,0,0,0,0,0,1,0,0,0,2,3,3,1,0.7,0.7,
705,Z. Rinald,LW,CAL,23,1,2,3,20,10,0,0,0,0,0,0,0,1,0,0,0,11,1,3,0.1,-,-,
706,J. Lehter,C,PHI,27,1,2,3,33,0,0,0,0,0,0,0,0,0,0,0,0,17,-7,3,0.1,-,-,
707,S. Wilson,C,BUF,15,0,3,3,4,0,0,0,0,0,0,0,0,0,0,0,0,25,-8,3,0.2,1.1,1.05,
708,N. Petan,LW,TOR,18,1,2,3,2,0,0,0,0,0,0,0,0,1,0,0,0,15,-5,3,0.2,0.78,0.78,
709,A. Bitett,D,WIN,36,0,3,3,12,0,0,0,0,0,0,0,0,0,0,0,0,30,-7,3,0.1,0.7,0.7,
710,X. Ouelle,D,MON,19,0,3,3,13,5,0,0,0,0,0,0,0,0,0,0,0,32,-3,3,0.2,0.7,0.7,
711,C. Bishop,C,CAR,20,1,2,3,6,0,0,0,0,0,0,0,0,0,0,0,0,16,-3,3,0.2,0.7,0.7,
712,K. Gravel,D,TOR,36,0,3,3,4,0,0,0,0,0,0,0,0,0,0,0,0,44,-2,3,0.1,0.7,0.7,
713,J. Ho-San,RW,NYI,10,1,1,2,6,0,0,0,0,0,0,0,0,0,0,0,0,10,2,2,0.2,0.87,0.87,
714,N. Paul,LW,OTT,20,1,1,2,4,0,0,0,0,0,0,0,0,0,0,0,0,30,-10,2,0.1,0.75,0.75,
715,T. Lewing,D,WAS,2,1,1,2,7,5,0,0,0,0,0,0,0,0,0,0,0,3,3,2,1,0.7,0.68,
716,A. Greer,LW,COL,15,1,1,2,14,0,0,0,0,0,0,0,0,0,0,0,0,9,-2,2,0.1,0.74,0.74,
717,J. L'Espe,RW,DAL,18,2,0,2,6,0,0,0,1,0,0,0,0,0,0,0,0,24,-4,2,0.1,0.75,0.72,
718,L. Schenn,D,TB,26,0,2,2,16,10,0,0,0,0,0,0,0,0,0,0,0,30,-10,2,0.1,0.7,0.7,
719,D. Prout,D,SJ,20,1,1,2,8,0,0,0,0,0,0,0,0,0,0,0,0,14,1,2,0.1,0.8,0.8,
720,A. Agozzi,C,PIT,11,1,1,2,0,0,0,0,0,0,0,0,0,0,0,0,0,11,2,2,0.2,0.7,0.7,
721,J. Nolan,C,STL,14,0,2,2,14,0,0,0,0,0,0,0,0,0,0,0,0,17,2,2,0.1,0.7,0.7,
722,I. Lundes,C,ANA,15,0,2,2,2,0,0,0,0,0,0,0,0,0,0,0,0,13,-1,2,0.1,0.93,0.93,
723,D. Archib,RW,TOR,12,1,1,2,12,10,0,0,0,0,0,0,0,0,0,0,0,10,-3,2,0.2,-,-,
724,I. McCosh,D,FLA,19,1,1,2,8,0,0,0,0,0,0,0,0,0,0,0,0,15,-2,2,0.1,0.7,0.7,
725,M. Voroby,C,PHI,15,1,1,2,2,0,0,0,0,0,0,0,0,0,0,0,0,10,0,2,0.1,0.82,0.78,
726,A. Petrov,D,BOS,35,0,2,2,26,0,0,0,0,0,0,0,0,0,0,0,0,47,-15,2,0.1,-,-,
727,C. Smith,LW,BUF,11,2,0,2,0,0,0,0,0,0,0,0,0,1,0,0,0,18,0,2,0.2,0.7,0.7,
728,J. Brown,D,FLA,37,1,1,2,28,20,0,0,0,0,0,0,0,0,0,0,0,28,-3,2,0.1,0.7,0.68,
729,L. Witkow,D,TB,34,0,2,2,23,15,0,0,0,0,0,0,0,0,0,0,0,14,-5,2,0.1,0.7,0.7,
730,P. Myers,D,PHI,21,1,1,2,2,0,0,0,0,0,0,0,0,0,0,0,0,25,-5,2,0.1,0.7,0.68,
731,E. Tolvan,LW,NAS,4,1,1,2,0,0,0,0,0,1,0,0,0,0,0,0,0,2,2,2,0.5,0.93,0.89,
732,J. Schmal,D,TOR,20,0,2,2,2,0,0,0,0,0,0,0,0,0,0,0,0,11,-7,2,0.1,0.7,0.7,
733,M. Necas,C,CAR,7,1,1,2,2,0,0,0,0,0,0,0,0,0,0,0,0,6,0,2,0.3,0.93,0.89,
734,M. Hanzal,C,DAL,7,1,1,2,4,0,0,0,1,0,0,0,0,0,0,0,0,14,-4,2,0.3,4,4.75,
735,K. Yamamo,RW,EDM,17,1,1,2,2,0,0,0,0,1,0,0,0,0,0,0,0,13,-6,2,0.1,0.93,0.89,
736,C. Ruhwed,D,PIT,18,1,1,2,4,0,0,0,0,0,0,0,0,1,0,0,0,22,-9,2,0.1,0.7,0.7,
737,M. Hunwic,D,BUF,14,0,2,2,4,0,0,0,0,0,0,0,0,0,0,0,0,10,-7,2,0.1,1.75,2.25,
738,D. Martel,LW,TB,9,0,2,2,8,0,0,0,0,0,0,0,0,0,0,0,0,16,3,2,0.2,0.7,0.7,
739,D. Schlem,D,MON,18,0,2,2,4,0,0,0,0,2,0,0,0,0,0,0,0,29,-1,2,0.1,-,-,
740,A. Johnso,LW,PIT,6,0,2,2,0,0,0,0,0,0,0,0,0,0,0,0,0,3,2,2,0.3,0.7,0.7,
741,T. Pyatt,LW,OTT,37,0,2,2,2,0,0,0,0,0,0,0,0,0,0,0,0,29,-16,2,0.1,-,-,
742,Z. Trotma,D,PIT,13,0,1,1,4,0,0,0,0,1,0,0,0,0,0,0,0,16,4,1,0.1,0.7,0.7,
743,C. Schill,D,WIN,4,0,1,1,0,0,0,0,0,0,0,0,0,0,0,0,0,2,0,1,0.3,0.7,0.7,
744,S. Carric,C,ANA,6,0,1,1,2,0,0,0,0,0,0,0,0,0,0,0,0,5,-1,1,0.2,0.7,0.7,
745,K. MacDer,D,LA,11,0,1,1,11,5,0,0,0,0,0,0,0,0,0,0,0,5,-1,1,0.1,0.7,0.68,
746,M. Read,RW,TOR,12,1,0,1,2,0,0,0,0,0,0,0,0,0,0,0,0,13,-2,1,0.1,-,-,
747,M. Donova,D,NAS,2,0,1,1,2,0,0,0,0,0,0,0,0,0,0,0,0,1,0,1,0.5,0.7,0.68,
748,K. Rau,C,MIN,6,0,1,1,0,0,0,0,0,0,0,0,0,0,0,0,0,6,0,1,0.2,0.7,0.7,
749,K. Vesala,LW,WIN,5,0,1,1,0,0,0,0,0,0,0,0,0,0,0,0,0,1,0,1,0.2,0.93,0.89,
750,B. Davids,D,CAL,10,0,1,1,15,0,0,0,0,0,0,0,0,0,0,0,0,7,-4,1,0.1,0.7,0.7,
751,S. Elliot,D,OTT,3,0,1,1,0,0,0,0,0,0,0,0,0,0,0,0,0,3,1,1,0.3,-,-,
752,C. Rosen,D,COL,4,1,0,1,0,0,0,0,0,0,0,0,0,0,0,0,0,5,-3,1,0.3,0.75,0.75,
753,C. McLeod,LW,NAS,38,1,0,1,67,30,0,0,0,0,0,0,0,0,0,0,0,22,-13,1,0,-,-,
754,J. Garris,D,CHI,17,1,0,1,8,0,0,0,1,0,0,0,0,0,0,0,0,16,1,1,0.1,-,-,
755,L. Sbisa,D,NYI,9,0,1,1,4,0,0,0,0,0,0,0,0,0,0,0,0,5,0,1,0.1,-,-,
756,E. Tangra,LW,NJ,6,0,1,1,0,0,0,0,0,0,0,0,0,0,0,0,0,10,-3,1,0.2,-,-,
757,M. Belesk,LW,NYR,4,1,0,1,5,5,0,0,0,0,0,0,0,0,0,0,0,3,1,1,0.3,3,3.8,
758,K. Alzner,D,MON,9,0,1,1,2,0,0,0,0,0,0,0,0,0,0,0,0,8,1,1,0.1,4.63,4.63,
759,D. Tonina,C,FLA,2,1,0,1,0,0,0,0,0,0,0,0,0,0,0,0,0,1,0,1,0.5,0.78,0.78,
760,M. Bartko,D,MIN,2,1,0,1,0,0,0,0,0,0,0,0,0,0,0,0,0,2,2,1,0.5,0.7,0.7,
761,M. Barber,D,COL,12,1,0,1,4,0,0,0,0,0,0,0,0,0,0,0,0,11,-6,1,0.1,1.45,1.45,
762,D. Fabbro,D,NAS,4,1,0,1,0,0,0,0,0,0,0,0,0,0,0,0,0,5,-1,1,0.3,0.93,0.93,
763,J. Schuld,D,VEG,1,0,1,1,0,0,0,0,0,0,0,0,0,0,0,0,0,1,-1,1,1,0.85,0.85,
764,B. Lashof,D,DET,4,0,1,1,2,0,0,0,0,0,0,0,0,0,0,0,0,2,-1,1,0.3,0.7,0.7,
765,E. Condra,RW,COL,6,1,0,1,2,0,0,0,0,0,0,0,0,0,0,0,0,10,-2,1,0.2,-,-,
766,Z. Dalpe,C,CLB,1,0,1,1,0,0,0,0,0,0,0,0,0,0,0,0,0,1,1,1,1,0.75,0.75,
767,M. Puempe,LW,DET,8,1,0,1,2,0,0,0,1,0,0,0,0,0,0,0,0,10,-2,1,0.1,0.7,0.68,
768,J. Holl,D,TOR,11,0,1,1,2,0,0,0,0,0,0,0,0,0,0,0,0,6,-5,1,0.1,0.7,0.68,
769,J. Dotchi,D,STL,20,0,1,1,39,5,0,0,0,0,0,1,0,0,0,0,0,7,-4,1,0.1,0.7,0.7,
770,A. Sautne,D,VAN,17,0,1,1,2,0,0,0,0,0,0,0,0,0,0,0,0,21,-2,1,0.1,0.7,0.68,
771,B. Pietil,LW,ANA,19,0,1,1,6,0,0,0,0,0,0,0,0,0,0,0,0,22,-7,1,0.1,0.7,0.7,
772,L. Johnso,C,MIN,15,0,1,1,8,0,0,0,0,1,0,0,0,0,0,0,0,19,-8,1,0.1,0.7,0.7,
773,R. Charti,C,SJ,13,1,0,1,2,0,0,0,0,0,0,0,0,0,0,0,0,19,-5,1,0.1,-,-,
774,N. Scherb,RW,LA,8,1,0,1,2,0,0,0,0,0,0,0,0,0,0,0,0,12,-4,1,0.1,-,-,
775,J. MacDon,D,COL,2,1,0,1,0,0,0,0,0,0,0,0,0,0,0,0,0,1,1,1,0.5,0.8,0.75,
776,S. Milano,LW,CLB,8,1,0,1,0,0,0,0,0,0,0,0,0,0,0,0,0,5,0,1,0.1,0.87,0.87,
777,R. Elie,LW,BUF,16,0,1,1,2,0,0,0,0,0,0,0,0,0,0,0,0,9,-3,1,0.1,0.7,0.7,
778,J. Quenne,C,CHI,19,1,0,1,4,0,1,0,0,0,0,0,0,1,0,0,0,16,-1,1,0.1,0.7,0.75,
779,R. Murphy,D,NJ,3,0,1,1,0,0,0,0,0,1,0,0,0,0,0,0,0,1,1,1,0.3,-,-,
780,W. Megan,C,DET,11,0,1,1,2,0,0,0,0,0,0,0,0,0,0,0,0,16,-4,1,0.1,-,-,
781,J. Lauzon,D,BOS,16,1,0,1,2,0,0,0,0,0,0,0,0,1,0,0,0,11,-1,1,0.1,0.78,0.75,
782,C. Clifto,D,BOS,19,0,1,1,15,5,0,0,0,0,0,0,0,0,0,0,0,22,5,1,0.1,0.75,0.73,
783,D. Brickl,D,LA,4,0,1,1,0,0,0,0,0,0,0,0,0,0,0,0,0,2,-2,1,0.3,0.7,0.7,
784,J. Middle,D,SJ,3,0,1,1,2,0,0,0,0,0,0,0,0,0,0,0,0,0,-1,1,0.3,0.77,0.74,
785,B. Guhle,D,ANA,8,0,1,1,4,0,0,0,0,0,0,0,0,0,0,0,0,15,-2,1,0.1,0.7,0.7,
786,M. Buntin,LW,ARI,5,1,0,1,2,0,0,0,0,0,0,0,0,0,0,0,0,5,0,1,0.2,0.7,0.7,
787,A. Texier,C,CLB,2,1,0,1,0,0,0,0,0,0,0,0,0,0,0,0,0,6,3,1,0.5,0.93,0.9,
788,K. Kossil,C,TOR,8,1,0,1,4,0,0,0,0,0,0,0,0,1,0,0,0,11,-1,1,0.1,0.7,0.7,
789,F. Chlapi,C,OTT,5,1,0,1,4,0,0,0,0,0,0,0,0,0,0,0,0,9,-2,1,0.2,0.7,0.73,
790,Z. Senysh,RW,BOS,2,1,0,1,0,0,0,0,0,0,0,0,0,0,0,1,0,4,0,1,0.5,0.83,0.86,
791,T. Fritz,C,NYI,8,0,1,1,2,0,0,0,0,0,0,0,0,0,0,0,0,6,-3,1,0.1,0.7,0.7,
792,B. Gleaso,D,DAL,4,0,1,1,0,0,0,0,0,0,0,0,0,0,0,0,0,2,-1,1,0.3,0.77,0.76,
793,H. Fleury,D,CAR,20,0,1,1,2,0,0,0,0,0,0,0,0,0,0,0,0,17,4,1,0.1,0.85,0.85,
794,E. Boucha,D,EDM,7,1,0,1,2,0,0,0,1,0,0,0,0,0,0,0,0,10,-5,1,0.1,0.93,0.89,
795,A. Formen,LW,OTT,9,1,0,1,6,0,0,0,0,0,0,0,0,0,0,0,0,16,-2,1,0.1,0.79,0.75,
796,Z. MacEwe,C,VAN,4,0,1,1,5,5,0,0,0,0,0,0,0,0,0,0,0,2,-4,1,0.3,0.93,0.85,
797,N. Walker,LW,STL,3,0,1,1,2,0,0,0,0,0,0,0,0,0,0,0,0,2,1,1,0.3,0.7,0.7,
798,J. Anders,C,LA,5,0,1,1,0,0,0,0,0,0,0,0,0,0,0,0,0,6,-2,1,0.2,0.79,0.75,
799,D. Heathe,D,DAL,5,0,1,1,0,0,0,0,0,0,0,0,0,0,0,0,0,5,4,1,0.2,0.7,0.7,
800,J. Bailey,RW,VAN,11,0,1,1,2,0,0,0,0,0,0,0,0,0,0,0,0,5,0,1,0.1,0.7,0.7,
801,M. McCorm,LW,CAR,14,1,0,1,4,0,0,0,0,0,0,0,0,0,0,0,0,12,-6,1,0.1,0.7,0.7,
802,L. Hajek,D,NYR,5,1,0,1,6,0,0,0,0,0,0,0,0,0,0,0,0,10,1,1,0.2,0.93,0.83,
803,D. Carr,LW,NAS,6,1,0,1,0,0,0,0,0,0,0,0,0,0,0,0,0,11,-1,1,0.2,0.7,0.7,
804,J. Dowlin,C,DAL,11,0,1,1,0,0,0,0,0,0,0,0,0,0,0,0,0,9,-4,1,0.1,0.75,0.75,
805,M. Tennys,D,NJ,4,0,0,0,0,0,0,0,0,0,0,0,0,0,0,0,0,4,-4,0,0,0.7,0.7,
806,L. O'Conn,RW,COL,5,0,0,0,0,0,0,0,0,0,0,0,0,0,0,0,0,1,-2,0,0,0.93,0.93,
807,S. Rempal,RW,LA,7,0,0,0,0,0,0,0,0,0,0,0,0,0,0,0,0,3,-1,0,0,0.87,0.87,
808,D. Gambre,C,SJ,8,0,0,0,2,0,0,0,0,0,0,0,0,0,0,0,0,6,1,0,0,0.7,0.7,
809,D. Gilber,D,CHI,1,0,0,0,2,0,0,0,0,0,0,0,0,0,0,0,0,0,0,0,0,0.93,0.93,
810,R. Lindgr,D,NYR,5,0,0,0,8,0,0,0,0,0,0,0,0,0,0,0,0,8,-6,0,0,0.93,0.93,
811,J. Teves,D,VAN,1,0,0,0,2,0,0,0,0,0,0,0,0,0,0,0,0,0,-1,0,0,0.7,0.7,
812,W. Borgen,D,BUF,4,0,0,0,0,0,0,0,0,0,0,0,0,0,0,0,0,2,-5,0,0,0.93,0.86,
813,B. Keeper,D,FLA,1,0,0,0,0,0,0,0,0,0,0,0,0,0,0,0,0,1,1,0,0,0.93,0.93,
814,C. Marody,C,EDM,6,0,0,0,0,0,0,0,0,0,0,0,0,0,0,0,0,6,-1,0,0,0.93,0.93,
815,N. Sturm,C,MIN,2,0,0,0,0,0,0,0,0,0,0,0,0,0,0,0,0,7,0,0,0,0.87,0.87,
816,R. Kuffne,LW,DET,10,0,0,0,0,0,0,0,0,0,0,0,0,0,0,0,0,8,-4,0,0,0.93,0.93,
817,J. Nilsso,C,CHI,2,0,0,0,0,0,0,0,0,0,0,0,0,0,0,0,0,0,-2,0,0,0.7,0.7,
818,B. Lizott,C,LA,1,0,0,0,0,0,0,0,0,0,0,0,0,0,0,0,0,1,-1,0,0,0.93,0.93,
819,R. Pitlic,RW,NAS,1,0,0,0,2,0,0,0,0,0,0,0,0,0,0,0,0,0,0,0,0,0.93,0.93,
820,B. Raffer,D,VAN,2,0,0,0,0,0,0,0,0,0,0,0,0,0,0,0,0,3,-1,0,0,0.7,0.7,
821,T. Freder,C,BOS,15,0,0,0,15,5,0,0,0,0,0,0,0,0,0,0,0,19,-4,0,0,0.93,0.93,
822,J. Blandi,C,PIT,9,0,0,0,6,0,0,0,0,0,0,0,0,0,0,0,0,8,-1,0,0,0.7,0.7,
823,M. Dano,C,CLB,8,0,0,0,7,5,0,0,0,0,0,0,0,0,0,0,0,3,-1,0,0,0.8,0.8,
824,L. Dauphi,C,NAS,1,0,0,0,0,0,0,0,0,0,0,0,0,0,0,0,0,2,-1,0,0,0.7,0.7,
825,T. Carric,D,SJ,1,0,0,0,5,5,0,0,0,0,0,0,0,0,0,0,0,0,-1,0,0,0.7,0.7,
826,S. Morin,D,PHI,5,0,0,0,4,0,0,0,0,0,0,0,0,0,0,0,0,5,-3,0,0,0.7,0.7,
827,B. Malone,C,EDM,16,0,0,0,4,0,0,0,0,0,0,0,0,0,0,0,0,13,0,0,0,0.7,0.7,
828,D. McIlra,D,DET,7,0,0,0,4,0,0,0,0,0,0,0,0,0,0,0,0,6,2,0,0,0.7,0.7,
829,C. Conach,C,TB,1,0,0,0,2,0,0,0,0,0,0,0,0,0,0,0,0,1,0,0,0,0.7,0.7,
830,R. Bouche,C,VAN,1,0,0,0,0,0,0,0,0,0,0,0,0,0,0,0,0,0,0,0,0,-,-,
831,L. Belped,D,MIN,2,0,0,0,0,0,0,0,0,0,0,0,0,0,0,0,0,0,0,0,0,0.7,0.7,
832,A. Blidh,LW,BOS,1,0,0,0,0,0,0,0,0,0,0,0,0,0,0,0,0,0,0,0,0,0.7,0.7,
833,N. Soshni,RW,STL,5,0,0,0,0,0,0,0,0,0,0,0,0,0,0,0,0,1,-1,0,0,-,-,
834,S. Fogart,C,NYR,10,0,0,0,0,0,0,0,0,0,0,0,0,0,0,0,0,9,-1,0,0,0.7,0.7,
835,A. Clende,D,CLB,4,0,0,0,0,0,0,0,0,0,0,0,0,0,0,0,0,3,1,0,0,0.7,0.7,
836,J. Hicket,D,DET,11,0,0,0,0,0,0,0,0,0,0,0,0,0,0,0,0,16,-9,0,0,0.7,0.7,
837,T. Goulbo,LW,VEG,2,0,0,0,0,0,0,0,0,0,0,0,0,0,0,0,0,3,0,0,0,0.7,0.7,
838,C. De Leo,LW,ANA,1,0,0,0,0,0,0,0,0,0,0,0,0,0,0,0,0,4,1,0,0,0.75,0.75,
839,N. Nogier,D,WIN,1,0,0,0,0,0,0,0,0,0,0,0,0,0,0,0,0,1,0,0,0,0.7,0.7,
840,N. Aube-K,RW,PHI,9,0,0,0,0,0,0,0,0,0,0,0,0,0,0,0,0,2,1,0,0,0.7,0.7,
841,C. Goloub,D,OTT,5,0,0,0,2,0,0,0,0,0,0,0,0,0,0,0,0,3,0,0,0,0.8,0.8,
842,D. MacKen,C,FLA,1,0,0,0,0,0,0,0,0,0,0,0,0,0,0,0,0,0,0,0,0,-,-,
843,K. Rychel,LW,CAL,2,0,0,0,0,0,0,0,0,0,0,0,0,0,0,0,0,1,-1,0,0,-,-,
844,C. Thorbu,RW,STL,1,0,0,0,0,0,0,0,0,0,0,0,0,0,0,0,0,0,0,0,0,-,-,
845,P. Eaves,RW,ANA,7,0,0,0,4,0,0,0,0,0,0,0,0,0,0,0,0,6,-4,0,0,3,3.15,
846,A. Sustr,D,ANA,5,0,0,0,6,0,0,0,0,0,0,0,0,0,0,0,0,6,0,0,0,-,-,
847,C. Lazar,C,BUF,1,0,0,0,0,0,0,0,0,0,0,0,0,0,0,0,0,0,-1,0,0,0.7,0.7,
848,P. Carey,C,BOS,7,0,0,0,0,0,0,0,0,0,0,0,0,0,0,0,0,4,0,0,0,0.7,0.7,
849,K. Roy,LW,FLA,3,0,0,0,0,0,0,0,0,0,0,0,0,0,0,0,0,2,-1,0,0,0.85,0.85,
850,M. Alt,D,COL,2,0,0,0,0,0,0,0,0,0,0,0,0,0,0,0,0,2,0,0,0,0.75,0.73,
851,M. Methot,D,DAL,9,0,0,0,6,0,0,0,0,0,0,0,0,0,0,0,0,3,-3,0,0,-,-,
852,S. Gionta,RW,NYI,5,0,0,0,0,0,0,0,0,0,0,0,0,0,0,0,0,4,-4,0,0,-,-,
853,C. Gaunce,D,TB,2,0,0,0,7,5,0,0,0,0,0,0,0,0,0,0,0,2,3,0,0,0.7,0.7,
854,E. Gryba,D,CAL,10,0,0,0,10,0,0,0,0,0,0,0,0,0,0,0,0,11,-1,0,0,-,-,
855,N. Prosse,D,PHI,15,0,0,0,2,0,0,0,0,0,0,0,0,0,0,0,0,10,1,0,0,0.7,0.7,
856,A. Peluso,RW,EDM,4,0,0,0,7,5,0,0,0,0,0,0,0,0,0,0,0,1,-1,0,0,-,-,
857,A. Crackn,RW,ANA,2,0,0,0,0,0,0,0,0,0,0,0,0,0,0,0,0,3,-1,0,0,-,-,
858,L. Stempn,RW,BOS,2,0,0,0,0,0,0,0,0,0,0,0,0,0,0,0,0,0,-1,0,0,-,-,
859,J. Falk,D,OTT,10,0,0,0,11,5,0,0,0,0,0,0,0,0,0,0,0,7,-4,0,0,-,-,
860,M. Letest,C,WIN,2,0,0,0,0,0,0,0,0,0,0,0,0,0,0,0,0,1,-1,0,0,0.7,0.7,
861,D. Mermis,D,NJ,1,0,0,0,0,0,0,0,0,0,0,0,0,0,0,0,0,0,1,0,0,0.7,0.7,
862,B. Gignac,C,NJ,1,0,0,0,0,0,0,0,0,0,0,0,0,0,0,0,0,1,-2,0,0,0.7,0.71,
863,R. Stillm,D,FLA,1,0,0,0,2,0,0,0,0,0,0,0,0,0,0,0,0,1,0,0,0,0.79,0.77,
864,D. O'Rega,C,BUF,1,0,0,0,0,0,0,0,0,0,0,0,0,0,0,0,0,2,0,0,0,0.7,0.7,
865,C. Blackw,C,NAS,6,0,0,0,2,0,0,0,0,0,0,0,0,0,0,0,0,5,-1,0,0,0.7,0.68,
866,A. Greco,RW,FLA,1,0,0,0,0,0,0,0,0,0,0,0,0,0,0,0,0,2,-3,0,0,0.7,0.7,
867,J. Kuokka,LW,CAR,7,0,0,0,4,0,1,0,0,0,0,0,0,0,0,0,0,6,-2,0,0,0.84,0.81,
868,J. Bean,D,CAR,2,0,0,0,2,0,0,0,0,0,0,0,0,0,0,0,0,1,0,0,0,0.83,0.86,
869,L. Brown,C,OTT,2,0,0,0,0,0,0,0,0,0,0,0,0,0,0,0,0,2,-2,0,0,0.83,0.86,
870,J. Gilmou,D,BUF,5,0,0,0,4,0,0,0,0,0,0,0,0,0,0,0,0,9,-3,0,0,0.7,0.7,
871,T. Gettin,LW,NYR,4,0,0,0,0,0,0,0,0,0,0,0,0,0,0,0,0,2,0,0,0,0.77,0.73,
872,C. White,D,NJ,3,0,0,0,2,0,0,0,0,0,0,0,0,0,0,0,0,1,-2,0,0,0.7,0.73,
873,M. Mamin,C,FLA,7,0,0,0,5,5,0,0,0,0,0,0,0,0,0,0,0,8,-2,0,0,-,-,
874,E. Branns,D,OTT,2,0,0,0,0,0,0,0,0,0,0,0,0,0,0,0,0,0,0,0,0,0.93,0.89,
875,U. Vaakan,D,BOS,2,0,0,0,0,0,0,0,0,0,0,0,0,0,0,0,0,2,-1,0,0,0.93,0.93,
876,L. Sulak,D,DET,6,0,0,0,6,0,0,0,0,0,0,0,0,0,0,0,0,7,-4,0,0,-,-,
877,J. Kloos,RW,ANA,1,0,0,0,0,0,0,0,0,0,0,0,0,0,0,0,0,2,0,0,0,0.7,0.7,
878,M. Friedm,D,PHI,1,0,0,0,0,0,0,0,0,0,0,0,0,0,0,0,0,1,-1,0,0,0.78,0.75,
879,K. Stenlu,C,CLB,4,0,0,0,4,0,0,0,0,0,0,0,0,0,0,0,0,3,0,0,0,0.93,0.86,
880,J. Jerabe,D,STL,1,0,0,0,2,0,0,0,0,0,0,0,0,0,0,0,0,1,-3,0,0,-,-,
881,A. Lindho,D,COL,2,0,0,0,0,0,0,0,0,0,0,0,0,0,0,0,0,0,-1,0,0,0.74,0.74,
882,E. Robins,LW,CLB,13,0,0,0,0,0,0,0,0,0,0,0,0,0,0,0,0,18,-4,0,0,0.87,0.87,
883,J. Rodewa,RW,OTT,6,0,0,0,0,0,0,0,0,0,0,0,0,0,0,0,0,2,0,0,0,0.73,0.73,
884,J. Chelio,D,DET,5,0,0,0,2,0,0,0,0,0,0,0,0,0,0,0,0,5,0,0,0,-,-,
885,K. Capobi,D,ARI,2,0,0,0,0,0,0,0,0,0,0,0,0,0,0,0,0,1,-2,0,0,0.73,0.75,
886,A. Richar,C,NAS,1,0,0,0,0,0,0,0,0,0,0,0,0,0,0,0,0,0,-1,0,0,0.7,0.69,
887,K. Sherwo,RW,CLB,2,0,0,0,0,0,0,0,0,0,0,0,0,0,0,0,0,2,0,0,0,0.7,0.69,
888,J. Hanley,D,DAL,16,0,0,0,2,0,0,0,0,0,0,0,0,0,0,0,0,9,0,0,0,0.7,0.7,
889,G. Carlss,D,CLB,1,0,0,0,2,0,0,0,0,0,0,0,0,0,0,0,0,1,-1,0,0,0.83,0.89,
890,J. Zboril,D,BOS,2,0,0,0,0,0,0,0,0,0,0,0,0,0,0,0,0,1,0,0,0,0.83,0.86,
891,N. Roy,C,VEG,6,0,0,0,2,0,0,0,0,0,0,0,0,0,0,0,0,1,0,0,0,0.7,0.72,
892,N. Lappin,RW,STL,11,0,0,0,0,0,0,0,0,0,0,0,0,0,0,0,0,11,-6,0,0,0.7,0.7,
893,J. Jacobs,D,NJ,1,0,0,0,0,0,0,0,0,0,0,0,0,0,0,0,0,1,-1,0,0,0.7,0.7,
894,P. Russel,RW,EDM,6,0,0,0,2,0,0,0,0,0,0,0,0,0,0,0,0,6,0,0,0,0.7,0.7,
895,V. Abramo,RW,OTT,1,0,0,0,0,0,0,0,0,0,0,0,0,0,0,0,0,0,-3,0,0,0.7,0.73,
896,G. Briseb,D,VAN,8,0,0,0,0,0,0,0,0,0,0,0,0,0,0,0,0,5,-4,0,0,0.7,0.7,
897,E. Burgdo,D,WAS,4,0,0,0,2,0,0,0,0,0,0,0,0,0,0,0,0,2,-1,0,0,-,-,
898,R. Lomber,LW,CAL,4,0,0,0,17,5,0,0,0,0,0,0,0,0,0,0,0,1,0,0,0,0.7,0.7,
899,A. Englun,D,OTT,3,0,0,0,10,0,0,0,0,0,0,0,0,0,0,0,0,2,-2,0,0,-,-,
900,D. Turgeo,C,DET,4,0,0,0,0,0,0,0,0,0,0,0,0,0,0,0,0,2,-3,0,0,0.7,0.7,